cityTitle,storeTitle,title,activityTimeRange,cacheAmount,terminalEnabled,admin4Name_en,admin4Name_ua,admin4Name_ru,admin4Pcode,admin3Name_en,admin3Name_ua,admin3Name_ru,admin3Pcode,admin2Name_en,admin2Name_ua,admin2Name_ru,admin2Pcode,admin1Name_en,admin1Name_ua,admin1Name_ru,admin1Pcode,duplicated
Бахмут,"вул. Торгова, 1","Бахмут, вул. Торгова, 1",09:00 - 16:00,0,True,Bakhmut,Бахмут,Бахмут,UA1402001001,Bakhmutska,Бахмутська,Бахмутская,UA1402001,Bakhmutskyi,Бахмутський,Бахмутский,UA1402,Donetska,Донецька,Донецкая,UA14,False
Бердянськ,"вул. Консульська, 75з","Бердянськ, вул. Консульська, 75з",09:00 - 15:00,0,True,Berdiansk,Бердянськ,Бердянск,UA2302005001,Berdianska,Бердянська,Бердянская,UA2302005,Berdianskyi,Бердянський,Бердянский,UA2302,Zaporizka,Запорізька,Запорожская,UA23,False
Бердянськ,"вул. Свободи, 27в","Бердянськ, вул. Свободи, 27в",09:00 - 15:00,0,True,Berdiansk,Бердянськ,Бердянск,UA2302005001,Berdianska,Бердянська,Бердянская,UA2302005,Berdianskyi,Бердянський,Бердянский,UA2302,Zaporizka,Запорізька,Запорожская,UA23,False
Бердянськ,"вул. Софіївська, 40","Бердянськ, вул. Софіївська, 40",09:00 - 15:00,6000,True,Berdiansk,Бердянськ,Бердянск,UA2302005001,Berdianska,Бердянська,Бердянская,UA2302005,Berdianskyi,Бердянський,Бердянский,UA2302,Zaporizka,Запорізька,Запорожская,UA23,False
Бердянськ,"просп. Східний, 220","Бердянськ, просп. Східний, 220",09:00 - 15:00,0,True,Berdiansk,Бердянськ,Бердянск,UA2302005001,Berdianska,Бердянська,Бердянская,UA2302005,Berdianskyi,Бердянський,Бердянский,UA2302,Zaporizka,Запорізька,Запорожская,UA23,False
Біла Церква,"вул. Героїв Небесної Сотні, 2а","Біла Церква, вул. Героїв Небесної Сотні, 2а",зачинено,0,False,,,,,,,,,,,,,,,,,True
Біла Церква,"шосе Сквирське, 230","Біла Церква, шосе Сквирське, 230",зачинено,0,False,,,,,,,,,,,,,,,,,True
Біла Церква,"вул. Ярослава Мудрого, 40","Біла Церква, вул. Ярослава Мудрого, 40",зачинено,6000,True,,,,,,,,,,,,,,,,,True
Бориспіль,"вул. Київський Шлях, 76","Бориспіль, вул. Київський Шлях, 76",зачинено,0,False,Boryspil,Бориспіль,Борисполь,UA3204001001,Boryspilska,Бориспільська,Бориспольская,UA3204001,Boryspilskyi,Бориспільський,Бориспольский,UA3204,Kyivska,Київська,Киевская,UA32,False
Боярка,"кв. 103 Боярське Лісництво, 1","Боярка, кв. 103 Боярське Лісництво, 1",зачинено,0,False,,,,,,,,,,,,,,,,,True
Боярка,"вул. Магістральна, 40","Боярка, вул. Магістральна, 40",зачинено,0,False,,,,,,,,,,,,,,,,,True
Бровари,"вул. Київська, 241","Бровари, вул. Київська, 241",зачинено,0,False,Brovary,Бровари,Бровары,UA3206005001,Brovarska,Броварська,Броварская,UA3206005,Brovarskyi,Броварський,Броварский,UA3206,Kyivska,Київська,Киевская,UA32,False
Васильків,"вул. Соборна, 64/1","Васильків, вул. Соборна, 64/1",зачинено,6000,True,,,,,,,,,,,,,,,,,True
Вишгород,"вул. Набережна, 11","Вишгород, вул. Набережна, 11",зачинено,0,False,Vyshhorod,Вишгород,Вышгород,UA3210001001,Vyshhorodska,Вишгородська,Вышгородская,UA3210001,Vyshhorodskyi,Вишгородський,Вышгородский,UA3210,Kyivska,Київська,Киевская,UA32,False
Вінниця,"вул. 600-річчя, 17-Е","Вінниця, вул. 600-річчя, 17-Е",09:00 - 19:00,6000,True,Vinnytsia,Вінниця,Винница,UA0502003001,Vinnytska,Вінницька,Винницкая,UA0502003,Vinnytskyi,Вінницький,Винницкий,UA0502,Vinnytska,Вінницька,Винницкая,UA05,False
Вінниця,"пл. Гагаріна, 2","Вінниця, пл. Гагаріна, 2",09:00 - 19:00,6000,True,Vinnytsia,Вінниця,Винница,UA0502003001,Vinnytska,Вінницька,Винницкая,UA0502003,Vinnytskyi,Вінницький,Винницкий,UA0502,Vinnytska,Вінницька,Винницкая,UA05,False
Вінниця,"вул. Зодчих, 2","Вінниця, вул. Зодчих, 2",09:00 - 19:00,6000,True,Vinnytsia,Вінниця,Винница,UA0502003001,Vinnytska,Вінницька,Винницкая,UA0502003,Vinnytskyi,Вінницький,Винницкий,UA0502,Vinnytska,Вінницька,Винницкая,UA05,False
Вінниця,"вул. Келецька, 105","Вінниця, вул. Келецька, 105",09:00 - 19:00,6000,True,Vinnytsia,Вінниця,Винница,UA0502003001,Vinnytska,Вінницька,Винницкая,UA0502003,Vinnytskyi,Вінницький,Винницкий,UA0502,Vinnytska,Вінницька,Винницкая,UA05,False
Вінниця,"вул. Келецька, 121","Вінниця, вул. Келецька, 121",09:00 - 19:00,6000,True,Vinnytsia,Вінниця,Винница,UA0502003001,Vinnytska,Вінницька,Винницкая,UA0502003,Vinnytskyi,Вінницький,Винницкий,UA0502,Vinnytska,Вінницька,Винницкая,UA05,False
Вінниця,"просп. Космонавтів, 49","Вінниця, просп. Космонавтів, 49",09:00 - 19:00,6000,True,Vinnytsia,Вінниця,Винница,UA0502003001,Vinnytska,Вінницька,Винницкая,UA0502003,Vinnytskyi,Вінницький,Винницкий,UA0502,Vinnytska,Вінницька,Винницкая,UA05,False
Вінниця,"вул. Оводова Миколи, 51","Вінниця, вул. Оводова Миколи, 51",09:00 - 19:00,6000,True,Vinnytsia,Вінниця,Винница,UA0502003001,Vinnytska,Вінницька,Винницкая,UA0502003,Vinnytskyi,Вінницький,Винницкий,UA0502,Vinnytska,Вінницька,Винницкая,UA05,False
Вінниця,"просп. Юності, 18","Вінниця, просп. Юності, 18",09:00 - 19:00,6000,True,Vinnytsia,Вінниця,Винница,UA0502003001,Vinnytska,Вінницька,Винницкая,UA0502003,Vinnytskyi,Вінницький,Винницкий,UA0502,Vinnytska,Вінницька,Винницкая,UA05,False
Дніпро,"пл. Вокзальна, 13","Дніпро, пл. Вокзальна, 13",08:00 - 17:00,6000,True,Dnipro,Дніпро,Днипро,UA1202001001,Dniprovska,Дніпровська,Днепровская,UA1202001,Dniprovskyi,Дніпровський,Днипровский,UA1202,Dnipropetrovska,Дніпропетровська,Днепропетровская,UA12,False
Дніпро,"просп. Гагаріна, 3","Дніпро, просп. Гагаріна, 3",08:00 - 18:00,6000,True,Dnipro,Дніпро,Днипро,UA1202001001,Dniprovska,Дніпровська,Днепровская,UA1202001,Dniprovskyi,Дніпровський,Днипровский,UA1202,Dnipropetrovska,Дніпропетровська,Днепропетровская,UA12,False
Дніпро,"вул. Європейська, 18a","Дніпро, вул. Європейська, 18a",08:00 - 18:00,6000,True,Dnipro,Дніпро,Днипро,UA1202001001,Dniprovska,Дніпровська,Днепровская,UA1202001,Dniprovskyi,Дніпровський,Днипровский,UA1202,Dnipropetrovska,Дніпропетровська,Днепропетровская,UA12,False
Дніпро,"бул. Катеринославський, 1","Дніпро, бул. Катеринославський, 1",07:00 - 18:00,6000,True,Dnipro,Дніпро,Днипро,UA1202001001,Dniprovska,Дніпровська,Днепровская,UA1202001,Dniprovskyi,Дніпровський,Днипровский,UA1202,Dnipropetrovska,Дніпропетровська,Днепропетровская,UA12,False
Дніпро,"вул. Кондратюка Юрія, 4","Дніпро, вул. Кондратюка Юрія, 4",08:00 - 18:00,6000,True,Dnipro,Дніпро,Днипро,UA1202001001,Dniprovska,Дніпровська,Днепровская,UA1202001,Dniprovskyi,Дніпровський,Днипровский,UA1202,Dnipropetrovska,Дніпропетровська,Днепропетровская,UA12,False
Дніпро,"пров. Крушельницької, 6а","Дніпро, пров. Крушельницької, 6а",08:00 - 18:00,6000,True,Dnipro,Дніпро,Днипро,UA1202001001,Dniprovska,Дніпровська,Днепровская,UA1202001,Dniprovskyi,Дніпровський,Днипровский,UA1202,Dnipropetrovska,Дніпропетровська,Днепропетровская,UA12,False
Дніпро,"вул. Новокримська, 3а","Дніпро, вул. Новокримська, 3а",09:00 - 18:00,6000,True,Dnipro,Дніпро,Днипро,UA1202001001,Dniprovska,Дніпровська,Днепровская,UA1202001,Dniprovskyi,Дніпровський,Днипровский,UA1202,Dnipropetrovska,Дніпропетровська,Днепропетровская,UA12,False
Дніпро,"вул. Пастера, 6А","Дніпро, вул. Пастера, 6А",08:00 - 18:00,6000,True,Dnipro,Дніпро,Днипро,UA1202001001,Dniprovska,Дніпровська,Днепровская,UA1202001,Dniprovskyi,Дніпровський,Днипровский,UA1202,Dnipropetrovska,Дніпропетровська,Днепропетровская,UA12,False
Дніпро,"бул. Слави, 5","Дніпро, бул. Слави, 5",08:30 - 18:00,6000,True,Dnipro,Дніпро,Днипро,UA1202001001,Dniprovska,Дніпровська,Днепровская,UA1202001,Dniprovskyi,Дніпровський,Днипровский,UA1202,Dnipropetrovska,Дніпропетровська,Днепропетровская,UA12,False
Дніпро,"просп. Слобожанський, 31д","Дніпро, просп. Слобожанський, 31д",08:30 - 18:00,6000,True,Dnipro,Дніпро,Днипро,UA1202001001,Dniprovska,Дніпровська,Днепровская,UA1202001,Dniprovskyi,Дніпровський,Днипровский,UA1202,Dnipropetrovska,Дніпропетровська,Днепропетровская,UA12,False
Дніпро,"просп. Слобожанський, 76/78","Дніпро, просп. Слобожанський, 76/78",08:00 - 18:00,6000,True,Dnipro,Дніпро,Днипро,UA1202001001,Dniprovska,Дніпровська,Днепровская,UA1202001,Dniprovskyi,Дніпровський,Днипровский,UA1202,Dnipropetrovska,Дніпропетровська,Днепропетровская,UA12,False
Дніпро,"вул. Титова, 36","Дніпро, вул. Титова, 36",08:00 - 18:00,6000,True,Dnipro,Дніпро,Днипро,UA1202001001,Dniprovska,Дніпровська,Днепровская,UA1202001,Dniprovskyi,Дніпровський,Днипровский,UA1202,Dnipropetrovska,Дніпропетровська,Днепропетровская,UA12,False
Дніпро,"вул. Тополина, 1","Дніпро, вул. Тополина, 1",зачинено,0,False,Dnipro,Дніпро,Днипро,UA1202001001,Dniprovska,Дніпровська,Днепровская,UA1202001,Dniprovskyi,Дніпровський,Днипровский,UA1202,Dnipropetrovska,Дніпропетровська,Днепропетровская,UA12,False
Дніпро,"вул. Фабра Андрія, 7","Дніпро, вул. Фабра Андрія, 7",08:30 - 18:00,6000,True,Dnipro,Дніпро,Днипро,UA1202001001,Dniprovska,Дніпровська,Днепровская,UA1202001,Dniprovskyi,Дніпровський,Днипровский,UA1202,Dnipropetrovska,Дніпропетровська,Днепропетровская,UA12,False
Дніпрорудне,"вул. Героїв Праці, 11","Дніпрорудне, вул. Героїв Праці, 11",09:00 - 16:00,6000,True,Dniprorudne,Дніпрорудне,Днепрорудное,UA2304009001,Dniprorudnenska,Дніпрорудненська,Днепрорудненская,UA2304009,Vasylivskyi,Василівський,Васильевский,UA2304,Zaporizka,Запорізька,Запорожская,UA23,False
Дрогобич,"вул. Володимира Великого, 7","Дрогобич, вул. Володимира Великого, 7",08:00 - 20:00,6000,True,Drohobych,Дрогобич,Дрогобыч,UA4602003001,Drohobytska,Дрогобицька,Дрогобычская,UA4602003,Drohobytskyi,Дрогобицький,Дрогобычский,UA4602,Lvivska,Львівська,Львовская,UA46,False
Дружківка,"вул. Соборна, 32а","Дружківка, вул. Соборна, 32а",зачинено,0,False,Druzhkivka,Дружківка,Дружковка,UA1412003001,Druzhkivska,Дружківська,Дружковская,UA1412003,Kramatorskyi,Краматорський,Краматорский,UA1412,Donetska,Донецька,Донецкая,UA14,False
Енергодар,"просп. Будівельників, 45","Енергодар, просп. Будівельників, 45",09:00 - 16:00,0,True,Enerhodar,Енергодар,Энергодар,UA2304011001,Enerhodarska,Енергодарська,Энергодарская,UA2304011,Vasylivskyi,Василівський,Васильевский,UA2304,Zaporizka,Запорізька,Запорожская,UA23,False
Енергодар,"вул. Українська, 27 а","Енергодар, вул. Українська, 27 а",09:00 - 16:30,6000,True,Enerhodar,Енергодар,Энергодар,UA2304011001,Enerhodarska,Енергодарська,Энергодарская,UA2304011,Vasylivskyi,Василівський,Васильевский,UA2304,Zaporizka,Запорізька,Запорожская,UA23,False
Житомир,"вул. Грушевського Михайла, 5","Житомир, вул. Грушевського Михайла, 5",09:00 - 17:00,6000,True,Zhytomyr,Житомир,Житомир,UA1804019001,Zhytomyrska,Житомирська,Житомирская,UA1804019,Zhytomyrskyi,Житомирський,Житомирский,UA1804,Zhytomyrska,Житомирська,Житомирская,UA18,False
Житомир,"майд. Житній Ринок, 1","Житомир, майд. Житній Ринок, 1",09:00 - 17:00,6000,True,Zhytomyr,Житомир,Житомир,UA1804019001,Zhytomyrska,Житомирська,Житомирская,UA1804019,Zhytomyrskyi,Житомирський,Житомирский,UA1804,Zhytomyrska,Житомирська,Житомирская,UA18,False
Запоріжжя,"вул. Бородінська, 20б","Запоріжжя, вул. Бородінська, 20б",09:00 - 18:30,6000,True,,,,,,,,,,,,,,,,,True
Запоріжжя,"бул. Вінтера, 30","Запоріжжя, бул. Вінтера, 30",08:30 - 18:30,6000,True,,,,,,,,,,,,,,,,,True
Запоріжжя,"вул. Іванова, 1а","Запоріжжя, вул. Іванова, 1а",08:30 - 18:30,6000,True,,,,,,,,,,,,,,,,,True
Запоріжжя,"просп. Металургів, 8 б","Запоріжжя, просп. Металургів, 8 б",08:30 - 18:30,6000,True,,,,,,,,,,,,,,,,,True
Запоріжжя,"вул. Новокузнецька, 41","Запоріжжя, вул. Новокузнецька, 41",08:30 - 18:30,6000,True,,,,,,,,,,,,,,,,,True
Запоріжжя,"вул. Перемоги, 64","Запоріжжя, вул. Перемоги, 64",зачинено,0,False,,,,,,,,,,,,,,,,,True
Запоріжжя,"просп. Преображенського Інженера , 13","Запоріжжя, просп. Преображенського Інженера , 13",зачинено,0,False,,,,,,,,,,,,,,,,,True
Запоріжжя,"вул. Руставі, 1г","Запоріжжя, вул. Руставі, 1г",08:30 - 18:30,0,True,,,,,,,,,,,,,,,,,True
Запоріжжя,"вул. Сергієнка Василя, 9","Запоріжжя, вул. Сергієнка Василя, 9",зачинено,0,False,,,,,,,,,,,,,,,,,True
Запоріжжя,"вул. Ситова, 4","Запоріжжя, вул. Ситова, 4",08:30 - 18:30,6000,True,,,,,,,,,,,,,,,,,True
Запоріжжя,"просп. Соборний, 147","Запоріжжя, просп. Соборний, 147",08:30 - 18:30,6000,True,,,,,,,,,,,,,,,,,True
Запоріжжя,"вул. Фортечна, 6","Запоріжжя, вул. Фортечна, 6",08:30 - 18:30,6000,True,,,,,,,,,,,,,,,,,True
Запоріжжя,"шосе Хортицьке, 30а","Запоріжжя, шосе Хортицьке, 30а",08:30 - 18:30,6000,True,,,,,,,,,,,,,,,,,True
Запоріжжя,"вул. Чарівна, 155б","Запоріжжя, вул. Чарівна, 155б",08:30 - 18:30,6000,True,,,,,,,,,,,,,,,,,True
Запоріжжя,"вул. Чарівна, 74","Запоріжжя, вул. Чарівна, 74",08:30 - 18:30,6000,True,,,,,,,,,,,,,,,,,True
Івано-Франківськ,"вул. Дністровська, 3","Івано-Франківськ, вул. Дністровська, 3",09:00 - 20:00,6000,True,Ivano-Frankivsk,Івано-Франківськ,Ивано-Франковск,UA2604019001,Ivano-Frankivska,Івано-Франківська,Ивано-Франковская,UA2604019,Ivano-Frankivskyi,Івано-Франківський,Ивано-Франковский,UA2604,Ivano-Frankivska,Івано-Франківська,Ивано-Франковская,UA26,False
Івано-Франківськ,"вул. Мазепи, 168а","Івано-Франківськ, вул. Мазепи, 168а",08:30 - 20:00,6000,True,Ivano-Frankivsk,Івано-Франківськ,Ивано-Франковск,UA2604019001,Ivano-Frankivska,Івано-Франківська,Ивано-Франковская,UA2604019,Ivano-Frankivskyi,Івано-Франківський,Ивано-Франковский,UA2604,Ivano-Frankivska,Івано-Франківська,Ивано-Франковская,UA26,False
Івано-Франківськ,"бул. Північний ім. Пушкіна, 2а","Івано-Франківськ, бул. Північний ім. Пушкіна, 2а",зачинено,0,False,Ivano-Frankivsk,Івано-Франківськ,Ивано-Франковск,UA2604019001,Ivano-Frankivska,Івано-Франківська,Ивано-Франковская,UA2604019,Ivano-Frankivskyi,Івано-Франківський,Ивано-Франковский,UA2604,Ivano-Frankivska,Івано-Франківська,Ивано-Франковская,UA26,False
Калуш,"майд. Шептицького, 7","Калуш, майд. Шептицького, 7",зачинено,0,False,Kalush,Калуш,Калуш,UA2606017001,Kaluska,Калуська,Калушская,UA2606017,Kaluskyi,Калуський,Калушский,UA2606,Ivano-Frankivska,Івано-Франківська,Ивано-Франковская,UA26,False
Кам'янець-Подільський,"вул. Гагаріна, 42/1","Кам’янець-Подільський, вул. Гагаріна, 42/1",08:00 - 20:00,6000,True,Kamianets-Podilskyi,Кам'янець-Подільський,Каменец-Подольский,UA6802011001,Kamianets-Podilska,Кам'янець-Подільська,Каменец-Подольская,UA6802011,Kamianets-Podilskyi,Кам'янець-Подільський,Каменец-Подольский,UA6802,Khmelnytska,Хмельницька,Хмельницкая,UA68,False
Кам'янець-Подільський,"шосе Нігинське, 41/1","Кам’янець-Подільський, шосе Нігинське, 41/1",08:00 - 20:00,6000,True,Kamianets-Podilskyi,Кам'янець-Подільський,Каменец-Подольский,UA6802011001,Kamianets-Podilska,Кам'янець-Подільська,Каменец-Подольская,UA6802011,Kamianets-Podilskyi,Кам'янець-Подільський,Каменец-Подольский,UA6802,Khmelnytska,Хмельницька,Хмельницкая,UA68,False
Кам'янець-Подільський,"вул. Українки Лесі, 30","Кам’янець-Подільський, вул. Українки Лесі, 30",08:00 - 20:00,6000,True,Kamianets-Podilskyi,Кам'янець-Подільський,Каменец-Подольский,UA6802011001,Kamianets-Podilska,Кам'янець-Подільська,Каменец-Подольская,UA6802011,Kamianets-Podilskyi,Кам'янець-Подільський,Каменец-Подольский,UA6802,Khmelnytska,Хмельницька,Хмельницкая,UA68,False
Кам'янське,"просп. Шевченка, 9","Кам’янське, просп. Шевченка, 9",08:00 - 18:00,6000,True,,,,,,,,,,,,,,,,,True
Канів,"вул. Енергетиків, 12А","Канів, вул. Енергетиків, 12А",зачинено,0,False,Kaniv,Канів,Канев,UA7108015001,Kanivska,Канівська,Каневская,UA7108015,Cherkaskyi,Черкаський,Черкасский,UA7108,Cherkaska,Черкаська,Черкасская,UA71,False
Київ,"вул. Архипенка Олександра, 6","Київ, вул. Архипенка Олександра, 6",зачинено,0,False,,,,,,,,,,,,,,,,,True
Київ,"вул. Багговутівська, 17-21","Київ, вул. Багговутівська, 17-21",зачинено,0,False,,,,,,,,,,,,,,,,,True
Київ,"вул. Бальзака Оноре, 91/29а","Київ, вул. Бальзака Оноре, 91/29а",зачинено,0,False,,,,,,,,,,,,,,,,,True
Київ,"просп. Бандери Степана, 36","Київ, просп. Бандери Степана, 36",зачинено,0,False,,,,,,,,,,,,,,,,,True
Київ,"вул. Басейна, 6","Київ, вул. Басейна, 6",зачинено,0,False,,,,,,,,,,,,,,,,,True
Київ,"вул. Бережанська, 22","Київ, вул. Бережанська, 22",зачинено,0,False,,,,,,,,,,,,,,,,,True
Київ,"вул. Білоруська, 2","Київ, вул. Білоруська, 2",зачинено,0,False,,,,,,,,,,,,,,,,,True
Київ,"вул. Борщагівська, 154a","Київ, вул. Борщагівська, 154a",зачинено,0,False,,,,,,,,,,,,,,,,,True
Київ,"вул. Братиславська, 14Б","Київ, вул. Братиславська, 14Б",зачинено,0,False,,,,,,,,,,,,,,,,,True
Київ,"вул. Велика Окружна, 1","Київ, вул. Велика Окружна, 1",зачинено,0,False,,,,,,,,,,,,,,,,,True
Київ,"вул. Вербицького Архітектора, 1а","Київ, вул. Вербицького Архітектора, 1а",зачинено,0,False,,,,,,,,,,,,,,,,,True
Київ,"вул. Вербицького Архітектора, 30","Київ, вул. Вербицького Архітектора, 30",зачинено,6000,True,,,,,,,,,,,,,,,,,True
Київ,"вул. Вершигори Петра, 1","Київ, вул. Вершигори Петра, 1",зачинено,0,False,,,,,,,,,,,,,,,,,True
Київ,"просп. Героїв Сталінграда, 12п","Київ, просп. Героїв Сталінграда, 12п",зачинено,0,False,,,,,,,,,,,,,,,,,True
Київ,"просп. Героїв Сталінграда, 27Б","Київ, просп. Героїв Сталінграда, 27Б",зачинено,0,False,,,,,,,,,,,,,,,,,True
Київ,"просп. Героїв Сталінграда, 46","Київ, просп. Героїв Сталінграда, 46",зачинено,0,False,,,,,,,,,,,,,,,,,True
Київ,"вул. Глибочицька, 32б","Київ, вул. Глибочицька, 32б",зачинено,0,False,,,,,,,,,,,,,,,,,True
Київ,"вул. Гончара Олеся, 96","Київ, вул. Гончара Олеся, 96",зачинено,0,False,,,,,,,,,,,,,,,,,True
Київ,"просп. Григоренка Петра, 23","Київ, просп. Григоренка Петра, 23",зачинено,0,False,,,,,,,,,,,,,,,,,True
Київ,"бул. Дарницький, 8а","Київ, бул. Дарницький, 8а",зачинено,0,False,,,,,,,,,,,,,,,,,True
Київ,"наб. Дніпровська, 12","Київ, наб. Дніпровська, 12",зачинено,0,False,,,,,,,,,,,,,,,,,True
Київ,"наб. Дніпровська, 33","Київ, наб. Дніпровська, 33",зачинено,0,False,,,,,,,,,,,,,,,,,True
Київ,"вул. Драгоманова, 10","Київ, вул. Драгоманова, 10",зачинено,0,False,,,,,,,,,,,,,,,,,True
Київ,"вул. Драгомирова Михайла, 16","Київ, вул. Драгомирова Михайла, 16",зачинено,0,False,,,,,,,,,,,,,,,,,True
Київ,"вул. Драйзера Теодора, 8","Київ, вул. Драйзера Теодора, 8",зачинено,0,False,,,,,,,,,,,,,,,,,True
Київ,"вул. Закревського Миколи, 61/2","Київ, вул. Закревського Миколи, 61/2",зачинено,0,False,,,,,,,,,,,,,,,,,True
Київ,"вул. Здолбунівська, 4","Київ, вул. Здолбунівська, 4",зачинено,0,False,,,,,,,,,,,,,,,,,True
Київ,"вул. Івашкевича Ярослава, 6-8 А","Київ, вул. Івашкевича Ярослава, 6-8 А",зачинено,0,False,,,,,,,,,,,,,,,,,True
Київ,"вул. Інженерна, 1","Київ, вул. Інженерна, 1",зачинено,0,False,,,,,,,,,,,,,,,,,True
Київ,"вул. Калнишевського Петра, 2","Київ, вул. Калнишевського Петра, 2",зачинено,0,False,,,,,,,,,,,,,,,,,True
Київ,"пров. Карельський, 3","Київ, пров. Карельський, 3",зачинено,0,False,,,,,,,,,,,,,,,,,True
Київ,"вул. Кибальчича Миколи, 11А","Київ, вул. Кибальчича Миколи, 11А",зачинено,0,False,,,,,,,,,,,,,,,,,True
Київ,"бул. Кольцова, 14м","Київ, бул. Кольцова, 14м",зачинено,0,False,,,,,,,,,,,,,,,,,True
Київ,"вул. Конєва маршала, 7","Київ, вул. Конєва маршала, 7",зачинено,0,False,,,,,,,,,,,,,,,,,True
Київ,"вул. Лаврухіна, 4","Київ, вул. Лаврухіна, 4",зачинено,0,False,,,,,,,,,,,,,,,,,True
Київ,"вул. Липківського Василя митрополита, 1а","Київ, вул. Липківського Василя митрополита, 1а",зачинено,0,False,,,,,,,,,,,,,,,,,True
Київ,"просп. Лісовий, 39","Київ, просп. Лісовий, 39",зачинено,0,False,,,,,,,,,,,,,,,,,True
Київ,"вул. Малевича, 107","Київ, вул. Малевича, 107",зачинено,0,False,,,,,,,,,,,,,,,,,True
Київ,"вул. Малиновського, 5","Київ, вул. Малиновського, 5",зачинено,0,False,,,,,,,,,,,,,,,,,True
Київ,"просп. Маяковського, 75/2","Київ, просп. Маяковського, 75/2",зачинено,0,False,,,,,,,,,,,,,,,,,True
Київ,"вул. Мишуги Олександра, 4","Київ, вул. Мишуги Олександра, 4",зачинено,0,False,,,,,,,,,,,,,,,,,True
Київ,"просп. Оболонський, 19","Київ, просп. Оболонський, 19",зачинено,0,False,,,,,,,,,,,,,,,,,True
Київ,"просп. Оболонський, 21Б","Київ, просп. Оболонський, 21Б",зачинено,0,False,,,,,,,,,,,,,,,,,True
Київ,"просп. Перемоги, 24","Київ, просп. Перемоги, 24",зачинено,0,False,,,,,,,,,,,,,,,,,True
Київ,"просп. Перемоги, 47","Київ, просп. Перемоги, 47",зачинено,0,False,,,,,,,,,,,,,,,,,True
Київ,"просп. Перемоги, 87","Київ, просп. Перемоги, 87",зачинено,0,False,,,,,,,,,,,,,,,,,True
Київ,"просп. Перемоги, 94/1","Київ, просп. Перемоги, 94/1",зачинено,0,False,,,,,,,,,,,,,,,,,True
Київ,"бул. Перова, 36","Київ, бул. Перова, 36",зачинено,0,False,,,,,,,,,,,,,,,,,True
Київ,"вул. Північна, 6в","Київ, вул. Північна, 6в",зачинено,0,False,,,,,,,,,,,,,,,,,True
Київ,"вул. Підлісна, 1","Київ, вул. Підлісна, 1",зачинено,0,False,,,,,,,,,,,,,,,,,True
Київ,"просп. Порика Василя, 5","Київ, просп. Порика Василя, 5",зачинено,0,False,,,,,,,,,,,,,,,,,True
Київ,"просп. Правди, 58","Київ, просп. Правди, 58",зачинено,0,False,,,,,,,,,,,,,,,,,True
Київ,"просп. Правди, 66","Київ, просп. Правди, 66",зачинено,0,False,,,,,,,,,,,,,,,,,True
Київ,"вул. Райдужна, 15","Київ, вул. Райдужна, 15",зачинено,0,False,,,,,,,,,,,,,,,,,True
Київ,"вул. Ревуцького, 12/1","Київ, вул. Ревуцького, 12/1",зачинено,0,False,,,,,,,,,,,,,,,,,True
Київ,"наб. Русанівська, 10","Київ, наб. Русанівська, 10",зачинено,0,False,,,,,,,,,,,,,,,,,True
Київ,"вул. Сагайдачного, 41","Київ, вул. Сагайдачного, 41",зачинено,0,False,,,,,,,,,,,,,,,,,True
Київ,"вул. Січових Стрільців, 37/41","Київ, вул. Січових Стрільців, 37/41",зачинено,0,False,,,,,,,,,,,,,,,,,True
Київ,"пл. Спортивна, 1а","Київ, пл. Спортивна, 1а",зачинено,0,False,,,,,,,,,,,,,,,,,True
Київ,"вул. Стальського Сулеймана, 22/10","Київ, вул. Стальського Сулеймана, 22/10",зачинено,0,False,,,,,,,,,,,,,,,,,True
Київ,"шосе Столичне, 103","Київ, шосе Столичне, 103",зачинено,0,False,,,,,,,,,,,,,,,,,True
Київ,"просп. Тичини Павла, 1в","Київ, просп. Тичини Павла, 1в",зачинено,0,False,,,,,,,,,,,,,,,,,True
Київ,"вул. Філатова Академіка, 7","Київ, вул. Філатова Академіка, 7",зачинено,0,False,,,,,,,,,,,,,,,,,True
Київ,"шосе Харківське, 144б","Київ, шосе Харківське, 144б",зачинено,0,False,,,,,,,,,,,,,,,,,True
Київ,"шосе Харківське, 168","Київ, шосе Харківське, 168",зачинено,0,False,,,,,,,,,,,,,,,,,True
Київ,"шосе Харківське, 21","Київ, шосе Харківське, 21",зачинено,0,False,,,,,,,,,,,,,,,,,True
Київ,"бул. Чоколівський, 28/1","Київ, бул. Чоколівський, 28/1",зачинено,0,False,,,,,,,,,,,,,,,,,True
Київ,"вул. Чорнобильська, 3","Київ, вул. Чорнобильська, 3",зачинено,0,False,,,,,,,,,,,,,,,,,True
Київ,"вул. Шептицького, 22","Київ, вул. Шептицького, 22",зачинено,0,False,,,,,,,,,,,,,,,,,True
Київ,"вул. Щербаківського Данила, 56/7","Київ, вул. Щербаківського Данила, 56/7",зачинено,0,False,,,,,,,,,,,,,,,,,True
Київ,"вул. Юри Гната, 20","Київ, вул. Юри Гната, 20",зачинено,0,False,,,,,,,,,,,,,,,,,True
Київ,"вул. Якутська, 8","Київ, вул. Якутська, 8",зачинено,0,False,,,,,,,,,,,,,,,,,True
Київ,"вул. Ярославська, 56а","Київ, вул. Ярославська, 56а",зачинено,0,False,,,,,,,,,,,,,,,,,True
Коростень,"вул. Героїв Чорнобиля, 11","Коростень, вул. Героїв Чорнобиля, 11",09:00 - 17:00,6000,True,,,,,,,,,,,,,,,,,True
Коростишів,"вул. Київська, 66","Коростишів, вул. Київська, 66",09:00 - 18:00,6000,True,Korostyshiv,Коростишів,Коростышев,UA1804025001,Korostyshivska,Коростишівська,Коростышевская,UA1804025,Zhytomyrskyi,Житомирський,Житомирский,UA1804,Zhytomyrska,Житомирська,Житомирская,UA18,False
Костопіль,"вул. Грушевського, 29","Костопіль, вул. Грушевського, 29",08:00 - 20:00,6000,True,Kostopil,Костопіль,Костополь,UA5606035001,Kostopilska,Костопільська,Костопольская,UA5606035,Rivnenskyi,Рівненський,Ровенский,UA5606,Rivnenska,Рівненська,Ровенская,UA56,False
Краматорськ,"бул. Краматорський, 18","Краматорськ, бул. Краматорський, 18",зачинено,0,False,Kramatorsk,Краматорськ,Краматорск,UA1412009001,Kramatorska,Краматорська,Краматорская,UA1412009,Kramatorskyi,Краматорський,Краматорский,UA1412,Donetska,Донецька,Донецкая,UA14,False
Краматорськ,"вул. Маяковського, 1м","Краматорськ, вул. Маяковського, 1м",зачинено,0,False,Kramatorsk,Краматорськ,Краматорск,UA1412009001,Kramatorska,Краматорська,Краматорская,UA1412009,Kramatorskyi,Краматорський,Краматорский,UA1412,Donetska,Донецька,Донецкая,UA14,False
Кременчук,"вул. Халаменюка, 7","Кременчук, вул. Халаменюка, 7",09:00 - 18:00,6000,True,Kremenchuk,Кременчук,Кременчуг,UA5302011001,Kremenchutska,Кременчуцька,Кременчугская,UA5302011,Kremenchutskyi,Кременчуцький,Кременчугский,UA5302,Poltavska,Полтавська,Полтавская,UA53,False
Кривий Ріг,"бул. Вечірній, 33","Кривий Ріг, бул. Вечірній, 33",зачинено,0,False,,,,,,,,,,,,,,,,,True
Кривий Ріг,"пл. Визволення, 1к","Кривий Ріг, пл. Визволення, 1к",зачинено,0,False,,,,,,,,,,,,,,,,,True
Кривий Ріг,"вул. Героїв АТО, 30а","Кривий Ріг, вул. Героїв АТО, 30а",08:00 - 18:00,6000,True,,,,,,,,,,,,,,,,,True
Кривий Ріг,"вул. Лермонтова, 37","Кривий Ріг, вул. Лермонтова, 37",09:00 - 18:00,6000,True,,,,,,,,,,,,,,,,,True
Кропивницький,"вул. Велика Перспективна, 53","Кропивницький, вул. Велика Перспективна, 53",08:00 - 18:00,6000,True,Kropyvnytskyi,Кропивницький,Кропивницкий,UA3504021001,Kropyvnytskyi,Кропивницька,Кропивницкая,UA3504021,Kropyvnytskyi,Кропивницький,Кропивницкий,UA3504,Kirovohradska,Кіровоградська,Кировоградская,UA35,False
Кропивницький,"вул. Соборна, 22Б","Кропивницький, вул. Соборна, 22Б",09:30 - 18:00,6000,True,Kropyvnytskyi,Кропивницький,Кропивницкий,UA3504021001,Kropyvnytskyi,Кропивницька,Кропивницкая,UA3504021,Kropyvnytskyi,Кропивницький,Кропивницкий,UA3504,Kirovohradska,Кіровоградська,Кировоградская,UA35,False
Лиманка,"вул. Жемчужна, 5","Лиманка, вул. Жемчужна, 5",08:00 - 18:00,6000,True,Lymanka,Лиманка,Лиманка,UA5110029003,Tairovska,Таїровська,Таировская,UA5110029,Odeskyi,Одеський,Одесский,UA5110,Odeska,Одеська,Одесская,UA51,False
Лисичанськ,"просп. Перемоги, 86","Лисичанськ, просп. Перемоги, 86",09:00 - 15:00,0,True,Lysychansk,Лисичанськ,Лисичанск,UA4412005001,Lysychanska,Лисичанська,Лисичанская,UA4412005,Sievierodonetskyi,Сєвєродонецький,Северодонецкий,UA4412,Luhanska,Луганська,Луганская,UA44,False
Лісники,"вул. Ватутіна, 170","Лісники, вул. Ватутіна, 170",зачинено,0,False,,,,,,,,,,,,,,,,,True
Лозова,"мікр. Мікрорайон 5, 1","Лозова, мікр. Мікрорайон 5, 1",08:00 - 17:00,6000,True,,,,,,,,,,,,,,,,,True
Луцьк,"просп. Волі, 1","Луцьк, просп. Волі, 1",зачинено,0,False,Lutsk,Луцьк,Луцк,UA0708017001,Lutska,Луцька,Луцкая,UA0708017,Lutskyi,Луцький,Луцкий,UA0708,Volynska,Волинська,Волынская,UA07,False
Луцьк,"просп. Грушевського, 2","Луцьк, просп. Грушевського, 2",зачинено,0,False,Lutsk,Луцьк,Луцк,UA0708017001,Lutska,Луцька,Луцкая,UA0708017,Lutskyi,Луцький,Луцкий,UA0708,Volynska,Волинська,Волынская,UA07,False
Луцьк,"майд. Київський майдан, 11","Луцьк, майд. Київський майдан, 11",08:00 - 20:00,6000,True,Lutsk,Луцьк,Луцк,UA0708017001,Lutska,Луцька,Луцкая,UA0708017,Lutskyi,Луцький,Луцкий,UA0708,Volynska,Волинська,Волынская,UA07,False
Луцьк,"вул. Кравчука, 23","Луцьк, вул. Кравчука, 23",08:00 - 20:00,6000,True,Lutsk,Луцьк,Луцк,UA0708017001,Lutska,Луцька,Луцкая,UA0708017,Lutskyi,Луцький,Луцкий,UA0708,Volynska,Волинська,Волынская,UA07,False
Луцьк,"вул. Рівненська, 89","Луцьк, вул. Рівненська, 89",зачинено,0,False,Lutsk,Луцьк,Луцк,UA0708017001,Lutska,Луцька,Луцкая,UA0708017,Lutskyi,Луцький,Луцкий,UA0708,Volynska,Волинська,Волынская,UA07,False
Львів,"вул. Виговського, 100","Львів, вул. Виговського, 100",08:00 - 20:00,6000,True,,,,,,,,,,,,,,,,,True
Львів,"вул. Володимира Великого, 26а","Львів, вул. Володимира Великого, 26а",08:00 - 20:00,6000,True,,,,,,,,,,,,,,,,,True
Львів,"вул. Городоцька, 179","Львів, вул. Городоцька, 179",08:00 - 20:00,6000,True,,,,,,,,,,,,,,,,,True
Львів,"вул. Кульпарківська, 226 а","Львів, вул. Кульпарківська, 226 а",08:00 - 20:00,6000,True,,,,,,,,,,,,,,,,,True
Львів,"вул. Кульпарківська, 93а","Львів, вул. Кульпарківська, 93а",08:00 - 20:00,6000,True,,,,,,,,,,,,,,,,,True
Львів,"вул. Мазепи Гетьмана, 11","Львів, вул. Мазепи Гетьмана, 11",08:00 - 20:00,6000,True,,,,,,,,,,,,,,,,,True
Львів,"вул. Мазепи Гетьмана, 1Б","Львів, вул. Мазепи Гетьмана, 1Б",08:30 - 20:00,6000,True,,,,,,,,,,,,,,,,,True
Львів,"вул. Наукова, 35а","Львів, вул. Наукова, 35а",08:30 - 20:00,6000,True,,,,,,,,,,,,,,,,,True
Львів,"вул. Пасічна, 164","Львів, вул. Пасічна, 164",08:00 - 20:00,6000,True,,,,,,,,,,,,,,,,,True
Львів,"вул. Під Дубом, 7б","Львів, вул. Під Дубом, 7б",08:30 - 20:00,6000,True,,,,,,,,,,,,,,,,,True
Львів,"вул. Сахарова академіка, 45","Львів, вул. Сахарова академіка, 45",08:00 - 20:00,6000,True,,,,,,,,,,,,,,,,,True
Львів,"пл. Соборна, 14-15","Львів, пл. Соборна, 14-15",08:00 - 20:00,6000,True,,,,,,,,,,,,,,,,,True
Львів,"вул. Хмельницького Богдана, 214","Львів, вул. Хмельницького Богдана, 214",08:00 - 20:00,6000,True,,,,,,,,,,,,,,,,,True
Львів,"просп. Червоної Калини, 62","Львів, просп. Червоної Калини, 62",08:00 - 20:00,6000,True,,,,,,,,,,,,,,,,,True
Львів,"просп. Чорновола В’ячеслава, 77","Львів, просп. Чорновола В’ячеслава, 77",08:00 - 20:00,6000,True,,,,,,,,,,,,,,,,,True
Львів,"вул. Шевченка, 358а","Львів, вул. Шевченка, 358а",09:00 - 20:00,6000,True,,,,,,,,,,,,,,,,,True
Львів,"вул. Шевченка, 60","Львів, вул. Шевченка, 60",08:00 - 20:00,6000,True,,,,,,,,,,,,,,,,,True
Львів,"вул. Широка, 87","Львів, вул. Широка, 87",08:30 - 20:00,6000,True,,,,,,,,,,,,,,,,,True
Малин,"вул. Грушевського Михайла, 43","Малин, вул. Грушевського Михайла, 43",зачинено,0,False,,,,,,,,,,,,,,,,,True
Мелітополь,"просп. 50-річчя Перемоги, 18","Мелітополь, просп. 50-річчя Перемоги, 18",08:00 - 16:30,0,False,Melitopol,Мелітополь,Мелитополь,UA2308007001,Melitopolska,Мелітопольська,Мелитопольская,UA2308007,Melitopolskyi,Мелітопольський,Мелитопольский,UA2308,Zaporizka,Запорізька,Запорожская,UA23,False
Мелітополь,"вул. Інтеркультурна, 79","Мелітополь, вул. Інтеркультурна, 79",09:00 - 15:30,0,True,Melitopol,Мелітополь,Мелитополь,UA2308007001,Melitopolska,Мелітопольська,Мелитопольская,UA2308007,Melitopolskyi,Мелітопольський,Мелитопольский,UA2308,Zaporizka,Запорізька,Запорожская,UA23,False
Мелітополь,"просп. Хмельницького Богдана, 17","Мелітополь, просп. Хмельницького Богдана, 17",09:00 - 16:00,0,False,Melitopol,Мелітополь,Мелитополь,UA2308007001,Melitopolska,Мелітопольська,Мелитопольская,UA2308007,Melitopolskyi,Мелітопольський,Мелитопольский,UA2308,Zaporizka,Запорізька,Запорожская,UA23,False
Миколаїв,"просп. Центральний, 259/1","Миколаїв, просп. Центральний, 259/1",09:00 - 17:00,6000,True,,,,,,,,,,,,,,,,,True
Миколаїв,"просп. Центральний, 98","Миколаїв, просп. Центральний, 98",зачинено,0,False,,,,,,,,,,,,,,,,,True
Миколаїв,"вул. Чкалова, 82","Миколаїв, вул. Чкалова, 82",зачинено,0,False,,,,,,,,,,,,,,,,,True
Миргород,"вул. Гоголя Миколи, 98/6","Миргород, вул. Гоголя Миколи, 98/6",08:00 - 17:00,6000,True,Myrhorod,Миргород,Миргород,UA5306023001,Myrhorodska,Миргородська,Миргородская,UA5306023,Myrhorodskyi,Миргородський,Миргородский,UA5306,Poltavska,Полтавська,Полтавская,UA53,False
Мукачево,"вул. Федорова Івана, 6","Мукачево, вул. Федорова Івана, 6",зачинено,0,False,Mukachevo,Мукачево,Мукачево,UA2104015001,Mukachivska,Мукачівська,Мукачевская,UA2104015,Mukachivskyi,Мукачівський,Мукачевский,UA2104,Zakarpatska,Закарпатська,Закарпатская,UA21,False
Нетішин,"вул. Лісова, 1Б","Нетішин, вул. Лісова, 1Б",зачинено,0,False,Netishyn,Нетішин,Нетешин,UA6806017001,Netishynska,Нетішинська,Нетешинская,UA6806017,Shepetivskyi,Шепетівський,Шепетовский,UA6806,Khmelnytska,Хмельницька,Хмельницкая,UA68,False
Ніжин,"вул. Незалежності, 36/1","Ніжин, вул. Незалежності, 36/1",09:00 - 16:00,6000,True,Nizhyn,Ніжин,Нежин,UA7404025001,Nizhynska,Ніжинська,Нежинская,UA7404025,Nizhynskyi,Ніжинський,Нежинский,UA7404,Chernihivska,Чернігівська,Черниговская,UA74,False
Новий Розділ,"вул. Шевченка, 30А","Новий Розділ, вул. Шевченка, 30А",08:00 - 20:00,6000,True,Novyi Rozdil,Новий Розділ,Новый Роздол,UA4610015001,Novorozdilska,Новороздільська,Новороздольская,UA4610015,Stryiskyi,Стрийський,Стрыйский,UA4610,Lvivska,Львівська,Львовская,UA46,False
Обухів,"вул. Київська, 107","Обухів, вул. Київська, 107",зачинено,0,False,,,,,,,,,,,,,,,,,True
Овідіополь,"вул. Шевченка, 228","Овідіополь, вул. Шевченка, 228",08:00 - 18:00,6000,True,Ovidiopol,Овідіополь,Овидиополь,UA5110025001,Ovidiopolska,Овідіопольська,Овидиопольская,UA5110025,Odeskyi,Одеський,Одесский,UA5110,Odeska,Одеська,Одесская,UA51,False
Одеса,"вул. Бочарова, 13а","Одеса, вул. Бочарова, 13а",08:00 - 19:30,6000,True,Odesa,Одеса,Одесса,UA5110027001,Odeska,Одеська,Одесская,UA5110027,Odeskyi,Одеський,Одесский,UA5110,Odeska,Одеська,Одесская,UA51,False
Одеса,"вул. Бочарова, 44","Одеса, вул. Бочарова, 44",08:00 - 19:00,6000,True,Odesa,Одеса,Одесса,UA5110027001,Odeska,Одеська,Одесская,UA5110027,Odeskyi,Одеський,Одесский,UA5110,Odeska,Одеська,Одесская,UA51,False
Одеса,"вул. Вільямса Академіка, 75","Одеса, вул. Вільямса Академіка, 75",08:00 - 18:00,6000,True,Odesa,Одеса,Одесса,UA5110027001,Odeska,Одеська,Одесская,UA5110027,Odeskyi,Одеський,Одесский,UA5110,Odeska,Одеська,Одесская,UA51,False
Одеса,"вул. Генуезька, 24б","Одеса, вул. Генуезька, 24б",зачинено,0,False,Odesa,Одеса,Одесса,UA5110027001,Odeska,Одеська,Одесская,UA5110027,Odeskyi,Одеський,Одесский,UA5110,Odeska,Одеська,Одесская,UA51,False
Одеса,"вул. Генуезька, 5","Одеса, вул. Генуезька, 5",зачинено,0,False,Odesa,Одеса,Одесса,UA5110027001,Odeska,Одеська,Одесская,UA5110027,Odeskyi,Одеський,Одесский,UA5110,Odeska,Одеська,Одесская,UA51,False
Одеса,"вул. Героїв Крут, 17/1","Одеса, вул. Героїв Крут, 17/1",08:00 - 18:00,6000,True,Odesa,Одеса,Одесса,UA5110027001,Odeska,Одеська,Одесская,UA5110027,Odeskyi,Одеський,Одесский,UA5110,Odeska,Одеська,Одесская,UA51,False
Одеса,"вул. Героїв Оборони Одеси, 98б","Одеса, вул. Героїв Оборони Одеси, 98б",08:00 - 18:30,6000,True,Odesa,Одеса,Одесса,UA5110027001,Odeska,Одеська,Одесская,UA5110027,Odeskyi,Одеський,Одесский,UA5110,Odeska,Одеська,Одесская,UA51,False
Одеса,"вул. Довженка Олександра, 4","Одеса, вул. Довженка Олександра, 4",09:00 - 18:00,6000,True,Odesa,Одеса,Одесса,UA5110027001,Odeska,Одеська,Одесская,UA5110027,Odeskyi,Одеський,Одесский,UA5110,Odeska,Одеська,Одесская,UA51,False
Одеса,"вул. Єврейська, 50/1","Одеса, вул. Єврейська, 50/1",09:00 - 18:00,6000,True,Odesa,Одеса,Одесса,UA5110027001,Odeska,Одеська,Одесская,UA5110027,Odeskyi,Одеський,Одесский,UA5110,Odeska,Одеська,Одесская,UA51,False
Одеса,"вул. Катерининська, 27/1","Одеса, вул. Катерининська, 27/1",08:00 - 18:00,6000,True,Odesa,Одеса,Одесса,UA5110027001,Odeska,Одеська,Одесская,UA5110027,Odeskyi,Одеський,Одесский,UA5110,Odeska,Одеська,Одесская,UA51,False
Одеса,"вул. Корольова, 44","Одеса, вул. Корольова, 44",08:00 - 18:00,6000,True,Odesa,Одеса,Одесса,UA5110027001,Odeska,Одеська,Одесская,UA5110027,Odeskyi,Одеський,Одесский,UA5110,Odeska,Одеська,Одесская,UA51,False
Одеса,"вул. Кримська, 71","Одеса, вул. Кримська, 71",08:00 - 19:00,6000,True,Odesa,Одеса,Одесса,UA5110027001,Odeska,Одеська,Одесская,UA5110027,Odeskyi,Одеський,Одесский,UA5110,Odeska,Одеська,Одесская,UA51,False
Одеса,"дорога Люстдорфська, 54","Одеса, дорога Люстдорфська, 54",08:00 - 18:00,6000,True,Odesa,Одеса,Одесса,UA5110027001,Odeska,Одеська,Одесская,UA5110027,Odeskyi,Одеський,Одесский,UA5110,Odeska,Одеська,Одесская,UA51,False
Одеса,"вул. Малиновського, 33","Одеса, вул. Малиновського, 33",08:00 - 18:00,6000,True,Odesa,Одеса,Одесса,UA5110027001,Odeska,Одеська,Одесская,UA5110027,Odeskyi,Одеський,Одесский,UA5110,Odeska,Одеська,Одесская,UA51,False
Одеса,"просп. Небесної Сотні, 14","Одеса, просп. Небесної Сотні, 14",08:00 - 18:00,6000,True,Odesa,Одеса,Одесса,UA5110027001,Odeska,Одеська,Одесская,UA5110027,Odeskyi,Одеський,Одесский,UA5110,Odeska,Одеська,Одесская,UA51,False
Одеса,"просп. Небесної Сотні, 2","Одеса, просп. Небесної Сотні, 2",09:00 - 18:00,6000,True,Odesa,Одеса,Одесса,UA5110027001,Odeska,Одеська,Одесская,UA5110027,Odeskyi,Одеський,Одесский,UA5110,Odeska,Одеська,Одесская,UA51,False
Одеса,"просп. Небесної Сотні, 5а","Одеса, просп. Небесної Сотні, 5а",зачинено,0,False,Odesa,Одеса,Одесса,UA5110027001,Odeska,Одеська,Одесская,UA5110027,Odeskyi,Одеський,Одесский,UA5110,Odeska,Одеська,Одесская,UA51,False
Одеса,"вул. Новощепний Ряд, 2","Одеса, вул. Новощепний Ряд, 2",08:00 - 18:00,6000,True,Odesa,Одеса,Одесса,UA5110027001,Odeska,Одеська,Одесская,UA5110027,Odeskyi,Одеський,Одесский,UA5110,Odeska,Одеська,Одесская,UA51,False
Одеса,"дорога Овідіопільська, 1","Одеса, дорога Овідіопільська, 1",09:00 - 18:00,0,True,Odesa,Одеса,Одесса,UA5110027001,Odeska,Одеська,Одесская,UA5110027,Odeskyi,Одеський,Одесский,UA5110,Odeska,Одеська,Одесская,UA51,False
Одеса,"вул. Палія Семена, 125 Б","Одеса, вул. Палія Семена, 125 Б",08:00 - 18:30,0,True,Odesa,Одеса,Одесса,UA5110027001,Odeska,Одеська,Одесская,UA5110027,Odeskyi,Одеський,Одесский,UA5110,Odeska,Одеська,Одесская,UA51,False
Одеса,"вул. Палія Семена, 72","Одеса, вул. Палія Семена, 72",08:00 - 18:30,6000,True,Odesa,Одеса,Одесса,UA5110027001,Odeska,Одеська,Одесская,UA5110027,Odeskyi,Одеський,Одесский,UA5110,Odeska,Одеська,Одесская,UA51,False
Одеса,"вул. Палія Семена, 93а","Одеса, вул. Палія Семена, 93а",08:00 - 18:30,6000,True,Odesa,Одеса,Одесса,UA5110027001,Odeska,Одеська,Одесская,UA5110027,Odeskyi,Одеський,Одесский,UA5110,Odeska,Одеська,Одесская,UA51,False
Одеса,"вул. Петрова Генерала, 51","Одеса, вул. Петрова Генерала, 51",07:00 - 18:00,6000,True,Odesa,Одеса,Одесса,UA5110027001,Odeska,Одеська,Одесская,UA5110027,Odeskyi,Одеський,Одесский,UA5110,Odeska,Одеська,Одесская,UA51,False
Одеса,"пров. Семафорний, 4","Одеса, пров. Семафорний, 4",зачинено,0,False,Odesa,Одеса,Одесса,UA5110027001,Odeska,Одеська,Одесская,UA5110027,Odeskyi,Одеський,Одесский,UA5110,Odeska,Одеська,Одесская,UA51,False
Одеса,"вул. Філатова Академіка, 1","Одеса, вул. Філатова Академіка, 1",08:00 - 18:00,6000,True,Odesa,Одеса,Одесса,UA5110027001,Odeska,Одеська,Одесская,UA5110027,Odeskyi,Одеський,Одесский,UA5110,Odeska,Одеська,Одесская,UA51,False
Одеса,"вул. Фонтанська дорога, 39","Одеса, вул. Фонтанська дорога, 39",09:00 - 18:00,6000,True,Odesa,Одеса,Одесса,UA5110027001,Odeska,Одеська,Одесская,UA5110027,Odeskyi,Одеський,Одесский,UA5110,Odeska,Одеська,Одесская,UA51,False
Одеса,"вул. Фонтанська дорога, 58","Одеса, вул. Фонтанська дорога, 58",зачинено,0,False,Odesa,Одеса,Одесса,UA5110027001,Odeska,Одеська,Одесская,UA5110027,Odeskyi,Одеський,Одесский,UA5110,Odeska,Одеська,Одесская,UA51,False
Одеса,"бул. Французький, 16","Одеса, бул. Французький, 16",09:00 - 19:00,6000,True,Odesa,Одеса,Одесса,UA5110027001,Odeska,Одеська,Одесская,UA5110027,Odeskyi,Одеський,Одесский,UA5110,Odeska,Одеська,Одесская,UA51,False
Одеса,"вул. Черняховського, 1","Одеса, вул. Черняховського, 1",08:00 - 18:00,6000,True,Odesa,Одеса,Одесса,UA5110027001,Odeska,Одеська,Одесская,UA5110027,Odeskyi,Одеський,Одесский,UA5110,Odeska,Одеська,Одесская,UA51,False
Остер,"вул. Хмельницького Богдана, 54","Остер, вул. Хмельницького Богдана, 54",зачинено,0,False,,,,,,,,,,,,,,,,,True
Павлоград,"вул. Горького, 166","Павлоград, вул. Горького, 166",зачинено,0,False,,,,,,,,,,,,,,,,,True
Полтава,"вул. Європейська, 185","Полтава, вул. Європейська, 185",08:30 - 19:00,6000,True,,,,,,,,,,,,,,,,,True
Полтава,"вул. Європейська, 60А","Полтава, вул. Європейська, 60А",08:00 - 19:00,6000,True,,,,,,,,,,,,,,,,,True
Полтава,"вул. Зіньківська, 6/1а","Полтава, вул. Зіньківська, 6/1а",08:00 - 19:00,6000,True,,,,,,,,,,,,,,,,,True
Полтава,"вул. Мазепи Івана, 45/4","Полтава, вул. Мазепи Івана, 45/4",08:00 - 19:00,6000,True,,,,,,,,,,,,,,,,,True
Полтава,"просп. Миру, 30а","Полтава, просп. Миру, 30а",08:00 - 19:00,6000,True,,,,,,,,,,,,,,,,,True
Прилуки,"вул. Київська, 138","Прилуки, вул. Київська, 138",08:00 - 17:00,6000,True,,,,,,,,,,,,,,,,,True
Радомишль,"вул. Велика Житомирська, 1/2","Радомишль, вул. Велика Житомирська, 1/2",09:00 - 17:00,6000,True,,,,,,,,,,,,,,,,,True
Рівне,"вул. Гагаріна, 16","Рівне, вул. Гагаріна, 16",08:00 - 20:00,6000,True,,,,,,,,,,,,,,,,,True
Рівне,"вул. Київська, 69","Рівне, вул. Київська, 69",08:00 - 20:00,6000,True,,,,,,,,,,,,,,,,,True
Рівне,"вул. Короленка, 1","Рівне, вул. Короленка, 1",08:00 - 20:00,6000,True,,,,,,,,,,,,,,,,,True
Самбір,"вул. Валова, 24/1","Самбір, вул. Валова, 24/1",08:00 - 20:00,6000,True,Sambir,Самбір,Самбор,UA4608013001,Sambirska,Самбірська,Самборская,UA4608013,Sambirskyi,Самбірський,Самборский,UA4608,Lvivska,Львівська,Львовская,UA46,False
Славутич,"пл. Привокзальна, 5","Славутич, пл. Привокзальна, 5",зачинено,0,False,Slavutych,Славутич,Славутич,UA3210013001,Slavutytska,Славутицька,Славутичская,UA3210013,Vyshhorodskyi,Вишгородський,Вышгородский,UA3210,Kyivska,Київська,Киевская,UA32,False
Сміла,"вул. Незалежності, 67А","Сміла, вул. Незалежності, 67А",08:00 - 19:00,6000,True,,,,,,,,,,,,,,,,,True
Софіївська Борщагівка,"вул. Київська, 36","Софіївська Борщагівка, вул. Київська, 36",зачинено,0,True,Sofiivska Borshchahivka,Софіївська Борщагівка,Софиевская Борщаговка,UA3208005002,Borshchahivska,Борщагівська,Борщаговская,UA3208005,Buchanskyi,Бучанський,Бучанский,UA3208,Kyivska,Київська,Киевская,UA32,False
Софіївська Борщагівка,"вул. Соборна, 140а","Софіївська Борщагівка, вул. Соборна, 140а",зачинено,0,False,Sofiivska Borshchahivka,Софіївська Борщагівка,Софиевская Борщаговка,UA3208005002,Borshchahivska,Борщагівська,Борщаговская,UA3208005,Buchanskyi,Бучанський,Бучанский,UA3208,Kyivska,Київська,Киевская,UA32,False
Старі Петрівці,"вул. Святослава Князя, 167а","Старі Петрівці, вул. Святослава Князя, 167а",зачинено,0,False,Stari Petrivtsi,Старі Петрівці,Старые Петровцы,UA3210007004,Petrivska,Петрівська,Петровская,UA3210007,Vyshhorodskyi,Вишгородський,Вышгородский,UA3210,Kyivska,Київська,Киевская,UA32,False
Стрий,"вул. Хмельницького Богдана, 16","Стрий, вул. Хмельницького Богдана, 16",08:00 - 20:00,6000,True,Stryi,Стрий,Стрый,UA4610023001,Stryiska,Стрийська,Стрыйская,UA4610023,Stryiskyi,Стрийський,Стрыйский,UA4610,Lvivska,Львівська,Львовская,UA46,False
Суми,"вул. Харківська, 2/2","Суми, вул. Харківська, 2/2",09:00 - 14:00,0,True,Sumy,Суми,Сумы,UA5908027001,Sumska,Сумська,Сумская,UA5908027,Sumskyi,Сумський,Сумский,UA5908,Sumska,Сумська,Сумская,UA59,False
Теплодар,"вул. Піонерська, 1","Теплодар, вул. Піонерська, 1",08:00 - 18:00,6000,True,Teplodar,Теплодар,Теплодар,UA5110031001,Teplodarska,Теплодарська,Теплодарская,UA5110031,Odeskyi,Одеський,Одесский,UA5110,Odeska,Одеська,Одесская,UA51,False
Тернопіль,"вул. 15 Квітня, 5а","Тернопіль, вул. 15 Квітня, 5а",08:00 - 20:00,6000,True,Ternopil,Тернопіль,Тернополь,UA6104049001,Ternopilska,Тернопільська,Тернопольская,UA6104049,Ternopilskyi,Тернопільський,Тернопольский,UA6104,Ternopilska,Тернопільська,Тернопольская,UA61,False
Тернопіль,"вул. Живова, 15а","Тернопіль, вул. Живова, 15а",08:00 - 20:00,6000,True,Ternopil,Тернопіль,Тернополь,UA6104049001,Ternopilska,Тернопільська,Тернопольская,UA6104049,Ternopilskyi,Тернопільський,Тернопольский,UA6104,Ternopilska,Тернопільська,Тернопольская,UA61,False
Тернопіль,"вул. Кривоноса Максима, 2б","Тернопіль, вул. Кривоноса Максима, 2б",зачинено,0,False,Ternopil,Тернопіль,Тернополь,UA6104049001,Ternopilska,Тернопільська,Тернопольская,UA6104049,Ternopilskyi,Тернопільський,Тернопольский,UA6104,Ternopilska,Тернопільська,Тернопольская,UA61,False
Тернопіль,"бул. Петлюри, 2б","Тернопіль, бул. Петлюри, 2б",08:00 - 20:00,6000,True,Ternopil,Тернопіль,Тернополь,UA6104049001,Ternopilska,Тернопільська,Тернопольская,UA6104049,Ternopilskyi,Тернопільський,Тернопольский,UA6104,Ternopilska,Тернопільська,Тернопольская,UA61,False
Тернопіль,"вул. Текстильна, 28ч","Тернопіль, вул. Текстильна, 28ч",08:00 - 20:00,6000,True,Ternopil,Тернопіль,Тернополь,UA6104049001,Ternopilska,Тернопільська,Тернопольская,UA6104049,Ternopilskyi,Тернопільський,Тернопольский,UA6104,Ternopilska,Тернопільська,Тернопольская,UA61,False
Трускавець,"вул. Суховоля, 54А","Трускавець, вул. Суховоля, 54А",08:00 - 20:00,6000,True,Truskavets,Трускавець,Трускавец,UA4602009001,Truskavetska,Трускавецька,Трускавецкая,UA4602009,Drohobytskyi,Дрогобицький,Дрогобычский,UA4602,Lvivska,Львівська,Львовская,UA46,False
Ужгород,"вул. Минайська, 16","Ужгород, вул. Минайська, 16",зачинено,0,False,Uzhhorod,Ужгород,Ужгород,UA2110023001,Uzhhorodska,Ужгородська,Ужгородская,UA2110023,Uzhhorodskyi,Ужгородський,Ужгородский,UA2110,Zakarpatska,Закарпатська,Закарпатская,UA21,False
Ужгород,"вул. Свободи Генерала, 9б","Ужгород, вул. Свободи Генерала, 9б",зачинено,0,False,Uzhhorod,Ужгород,Ужгород,UA2110023001,Uzhhorodska,Ужгородська,Ужгородская,UA2110023,Uzhhorodskyi,Ужгородський,Ужгородский,UA2110,Zakarpatska,Закарпатська,Закарпатская,UA21,False
Ужгород,"вул. Швабська, 3","Ужгород, вул. Швабська, 3",зачинено,0,False,Uzhhorod,Ужгород,Ужгород,UA2110023001,Uzhhorodska,Ужгородська,Ужгородская,UA2110023,Uzhhorodskyi,Ужгородський,Ужгородский,UA2110,Zakarpatska,Закарпатська,Закарпатская,UA21,False
Умань,"вул. Велика Фонтанна, 31А","Умань, вул. Велика Фонтанна, 31А",09:00 - 18:00,6000,True,Uman,Умань,Умань,UA7106021001,Umanska,Уманська,Уманская,UA7106021,Umanskyi,Уманський,Уманский,UA7106,Cherkaska,Черкаська,Черкасская,UA71,False
Фастів,"вул. Соборна, 42","Фастів, вул. Соборна, 42",зачинено,6000,True,Fastiv,Фастів,Фастов,UA3214015001,Fastivska,Фастівська,Фастовская,UA3214015,Fastivskyi,Фастівський,Фастовский,UA3214,Kyivska,Київська,Киевская,UA32,False
Фастів,"вул. Ступака Івана, 4","Фастів, вул. Ступака Івана, 4",зачинено,0,False,Fastiv,Фастів,Фастов,UA3214015001,Fastivska,Фастівська,Фастовская,UA3214015,Fastivskyi,Фастівський,Фастовский,UA3214,Kyivska,Київська,Киевская,UA32,False
Харків,"просп. Гагаріна Юрія, 167/1","Харків, просп. Гагаріна Юрія, 167/1",зачинено,0,False,Kharkiv,Харків,Харьков,UA6312027001,Kharkivska,Харківська,Харьковская,UA6312027,Kharkivskyi,Харківський,Харьковский,UA6312,Kharkivska,Харківська,Харьковская,UA63,False
Харків,"вул. Космічна, 23а","Харків, вул. Космічна, 23а",09:00 - 17:00,6000,True,Kharkiv,Харків,Харьков,UA6312027001,Kharkivska,Харківська,Харьковская,UA6312027,Kharkivskyi,Харківський,Харьковский,UA6312,Kharkivska,Харківська,Харьковская,UA63,False
Харків,"просп. Московський, 256","Харків, просп. Московський, 256",08:00 - 16:00,6000,True,Kharkiv,Харків,Харьков,UA6312027001,Kharkivska,Харківська,Харьковская,UA6312027,Kharkivskyi,Харківський,Харьковский,UA6312,Kharkivska,Харківська,Харьковская,UA63,False
Харків,"вул. Павлова Академіка, 44б","Харків, вул. Павлова Академіка, 44б",09:00 - 16:00,6000,True,Kharkiv,Харків,Харьков,UA6312027001,Kharkivska,Харківська,Харьковская,UA6312027,Kharkivskyi,Харківський,Харьковский,UA6312,Kharkivska,Харківська,Харьковская,UA63,False
Харків,"просп. Тракторобудівників, 108","Харків, просп. Тракторобудівників, 108",зачинено,0,False,Kharkiv,Харків,Харьков,UA6312027001,Kharkivska,Харківська,Харьковская,UA6312027,Kharkivskyi,Харківський,Харьковский,UA6312,Kharkivska,Харківська,Харьковская,UA63,False
Харків,"вул. Яроша Отакара, 18д","Харків, вул. Яроша Отакара, 18д",зачинено,0,False,Kharkiv,Харків,Харьков,UA6312027001,Kharkivska,Харківська,Харьковская,UA6312027,Kharkivskyi,Харківський,Харьковский,UA6312,Kharkivska,Харківська,Харьковская,UA63,False
Херсон,"просп. Будівельників, 27а","Херсон, просп. Будівельників, 27а",зачинено,0,False,Kherson,Херсон,Херсон,UA6510015001,Khersonska,Херсонська,Херсонская,UA6510015,Khersonskyi,Херсонський,Херсонский,UA6510,Khersonska,Херсонська,Херсонская,UA65,False
Хмельницький,"вул. Бандери Степана, 2а","Хмельницький, вул. Бандери Степана, 2а",зачинено,0,False,,,,,,,,,,,,,,,,,True
Хмельницький,"вул. Кам’янецька, 122","Хмельницький, вул. Кам’янецька, 122",08:00 - 20:00,6000,True,,,,,,,,,,,,,,,,,True
Хмельницький,"вул. Свободи, 73","Хмельницький, вул. Свободи, 73",зачинено,0,False,,,,,,,,,,,,,,,,,True
Хмельницький,"шосе Старокостянтинівське, 6","Хмельницький, шосе Старокостянтинівське, 6",08:00 - 19:00,6000,True,,,,,,,,,,,,,,,,,True
Хмельницький,"вул. Шевченка, 34","Хмельницький, вул. Шевченка, 34",зачинено,0,False,,,,,,,,,,,,,,,,,True
Хмільник,"просп. Свободи, 1","Хмільник, просп. Свободи, 1",09:00 - 19:00,6000,True,,,,,,,,,,,,,,,,,True
Черкаси,"бул. Шевченка, 207","Черкаси, бул. Шевченка, 207",08:00 - 20:00,6000,True,,,,,,,,,,,,,,,,,True
Черкаси,"бул. Шевченка, 208/1","Черкаси, бул. Шевченка, 208/1",08:00 - 20:00,6000,True,,,,,,,,,,,,,,,,,True
Чернівці,"вул. Героїв Майдану, 71","Чернівці, вул. Героїв Майдану, 71",08:00 - 20:00,6000,True,,,,,,,,,,,,,,,,,True
Чернівці,"вул. Головна, 265а","Чернівці, вул. Головна, 265а",08:00 - 20:00,6000,True,,,,,,,,,,,,,,,,,True
Чернігів,"вул. 77-ї Гвардійської Дивізії, 1","Чернігів, вул. 77-ї Гвардійської Дивізії, 1",08:00 - 18:00,0,False,Chernihiv,Чернігів,Чернигов,UA7410039001,Chernihivska,Чернігівська,Черниговская,UA7410039,Chernihivskyi,Чернігівський,Черниговский,UA7410,Chernihivska,Чернігівська,Черниговская,UA74,False
Чернігів,"просп. Миру, 49","Чернігів, просп. Миру, 49",зачинено,0,False,Chernihiv,Чернігів,Чернигов,UA7410039001,Chernihivska,Чернігівська,Черниговская,UA7410039,Chernihivskyi,Чернігівський,Черниговский,UA7410,Chernihivska,Чернігівська,Черниговская,UA74,False
Чернігів,"вул. Музична, 1","Чернігів, вул. Музична, 1",зачинено,0,False,Chernihiv,Чернігів,Чернигов,UA7410039001,Chernihivska,Чернігівська,Черниговская,UA7410039,Chernihivskyi,Чернігівський,Черниговский,UA7410,Chernihivska,Чернігівська,Черниговская,UA74,False
Щасливе,"шосе Харківське, 1В","Щасливе, шосе Харківське, 1В",зачинено,0,False,,,,,,,,,,,,,,,,,True
Южне,"просп. Григор’ївського Десанту, 3","Южне, просп. Григор’ївського Десанту, 3",08:00 - 18:30,6000,True,,,,,,,,,,,,,,,,,True
Южноукраїнськ,"просп. Незалежності, 35","Южноукраїнськ, просп. Незалежності, 35",зачинено,0,False,Yuzhnoukrainsk,Южноукраїнськ,Южноукраинск,UA4804025001,Yuzhnoukrainska,Южноукраїнська,Южноукраинская,UA4804025,Voznesenskyi,Вознесенський,Вознесенский,UA4804,Mykolaivska,Миколаївська,Николаевская,UA48,False
