cityTitleManual,storeTitleManual,titleManual,admin4Name_en,admin4Name_ua,admin4Pcode,admin3Name_en,admin3Name_ua,admin3Pcode,admin2Name_en,admin2Name_ua,admin2Pcode,admin1Name_en,admin1Name_ua,admin1Pcode
Біла Церква,"вул. Героїв Небесної Сотні, 2а","Біла Церква, вул. Героїв Небесної Сотні, 2а",Bila Tserkva,Біла Церква,UA3202001001,Bilotserkivska,Білоцерківська,UA3202001,Bilotserkivskyi,Білоцерківський,UA3202,Kyivska,Київська,UA32
Біла Церква,"вул. Ярослава Мудрого, 40","Біла Церква, вул. Ярослава Мудрого, 40",Bila Tserkva,Біла Церква,UA3202001001,Bilotserkivska,Білоцерківська,UA3202001,Bilotserkivskyi,Білоцерківський,UA3202,Kyivska,Київська,UA32
Біла Церква,"шосе Сквирське, 230","Біла Церква, шосе Сквирське, 230",Bila Tserkva,Біла Церква,UA3202001001,Bilotserkivska,Білоцерківська,UA3202001,Bilotserkivskyi,Білоцерківський,UA3202,Kyivska,Київська,UA32
Запоріжжя,"бул. Вінтера, 30","Запоріжжя, бул. Вінтера, 30",Zaporizhzhia,Запоріжжя,UA2306007001,Zaporizka,Запорізька,UA2306007,Zaporizkyi,Запорізький,UA2306,Zaporizka,Запорізька,UA23
Запоріжжя,"вул. Бородінська, 20б","Запоріжжя, вул. Бородінська, 20б",Zaporizhzhia,Запоріжжя,UA2306007001,Zaporizka,Запорізька,UA2306007,Zaporizkyi,Запорізький,UA2306,Zaporizka,Запорізька,UA23
Запоріжжя,"вул. Іванова, 1а","Запоріжжя, вул. Іванова, 1а",Zaporizhzhia,Запоріжжя,UA2306007001,Zaporizka,Запорізька,UA2306007,Zaporizkyi,Запорізький,UA2306,Zaporizka,Запорізька,UA23
Запоріжжя,"вул. Новокузнецька, 41","Запоріжжя, вул. Новокузнецька, 41",Zaporizhzhia,Запоріжжя,UA2306007001,Zaporizka,Запорізька,UA2306007,Zaporizkyi,Запорізький,UA2306,Zaporizka,Запорізька,UA23
Запоріжжя,"вул. Перемоги, 64","Запоріжжя, вул. Перемоги, 64",Zaporizhzhia,Запоріжжя,UA2306007001,Zaporizka,Запорізька,UA2306007,Zaporizkyi,Запорізький,UA2306,Zaporizka,Запорізька,UA23
Запоріжжя,"вул. Руставі, 1г","Запоріжжя, вул. Руставі, 1г",Zaporizhzhia,Запоріжжя,UA2306007001,Zaporizka,Запорізька,UA2306007,Zaporizkyi,Запорізький,UA2306,Zaporizka,Запорізька,UA23
Запоріжжя,"вул. Сергієнка Василя, 9","Запоріжжя, вул. Сергієнка Василя, 9",Zaporizhzhia,Запоріжжя,UA2306007001,Zaporizka,Запорізька,UA2306007,Zaporizkyi,Запорізький,UA2306,Zaporizka,Запорізька,UA23
Запоріжжя,"вул. Ситова, 4","Запоріжжя, вул. Ситова, 4",Zaporizhzhia,Запоріжжя,UA2306007001,Zaporizka,Запорізька,UA2306007,Zaporizkyi,Запорізький,UA2306,Zaporizka,Запорізька,UA23
Запоріжжя,"вул. Фортечна, 6","Запоріжжя, вул. Фортечна, 6",Zaporizhzhia,Запоріжжя,UA2306007001,Zaporizka,Запорізька,UA2306007,Zaporizkyi,Запорізький,UA2306,Zaporizka,Запорізька,UA23
Запоріжжя,"вул. Чарівна, 155б","Запоріжжя, вул. Чарівна, 155б",Zaporizhzhia,Запоріжжя,UA2306007001,Zaporizka,Запорізька,UA2306007,Zaporizkyi,Запорізький,UA2306,Zaporizka,Запорізька,UA23
Запоріжжя,"вул. Чарівна, 74","Запоріжжя, вул. Чарівна, 74",Zaporizhzhia,Запоріжжя,UA2306007001,Zaporizka,Запорізька,UA2306007,Zaporizkyi,Запорізький,UA2306,Zaporizka,Запорізька,UA23
Запоріжжя,"просп. Металургів, 8 б","Запоріжжя, просп. Металургів, 8 б",Zaporizhzhia,Запоріжжя,UA2306007001,Zaporizka,Запорізька,UA2306007,Zaporizkyi,Запорізький,UA2306,Zaporizka,Запорізька,UA23
Запоріжжя,"просп. Преображенського Інженера , 13","Запоріжжя, просп. Преображенського Інженера , 13",Zaporizhzhia,Запоріжжя,UA2306007001,Zaporizka,Запорізька,UA2306007,Zaporizkyi,Запорізький,UA2306,Zaporizka,Запорізька,UA23
Запоріжжя,"просп. Соборний, 147","Запоріжжя, просп. Соборний, 147",Zaporizhzhia,Запоріжжя,UA2306007001,Zaporizka,Запорізька,UA2306007,Zaporizkyi,Запорізький,UA2306,Zaporizka,Запорізька,UA23
Запоріжжя,"шосе Хортицьке, 30а","Запоріжжя, шосе Хортицьке, 30а",Zaporizhzhia,Запоріжжя,UA2306007001,Zaporizka,Запорізька,UA2306007,Zaporizkyi,Запорізький,UA2306,Zaporizka,Запорізька,UA23
Київ,"бул. Дарницький, 8а","Київ, бул. Дарницький, 8а",Kyiv,Київ,UA8000000000,Kyivska,Київська,UA8000000,Kyivska,Київська,UA8000,Kyivska,Київська,UA80
Київ,"бул. Кольцова, 14м","Київ, бул. Кольцова, 14м",Kyiv,Київ,UA8000000000,Kyivska,Київська,UA8000000,Kyivska,Київська,UA8000,Kyivska,Київська,UA80
Київ,"бул. Перова, 36","Київ, бул. Перова, 36",Kyiv,Київ,UA8000000000,Kyivska,Київська,UA8000000,Kyivska,Київська,UA8000,Kyivska,Київська,UA80
Київ,"бул. Чоколівський, 28/1","Київ, бул. Чоколівський, 28/1",Kyiv,Київ,UA8000000000,Kyivska,Київська,UA8000000,Kyivska,Київська,UA8000,Kyivska,Київська,UA80
Київ,"вул. Архипенка Олександра, 6","Київ, вул. Архипенка Олександра, 6",Kyiv,Київ,UA8000000000,Kyivska,Київська,UA8000000,Kyivska,Київська,UA8000,Kyivska,Київська,UA80
Київ,"вул. Багговутівська, 17-21","Київ, вул. Багговутівська, 17-21",Kyiv,Київ,UA8000000000,Kyivska,Київська,UA8000000,Kyivska,Київська,UA8000,Kyivska,Київська,UA80
Київ,"вул. Бальзака Оноре, 91/29а","Київ, вул. Бальзака Оноре, 91/29а",Kyiv,Київ,UA8000000000,Kyivska,Київська,UA8000000,Kyivska,Київська,UA8000,Kyivska,Київська,UA80
Київ,"вул. Басейна, 6","Київ, вул. Басейна, 6",Kyiv,Київ,UA8000000000,Kyivska,Київська,UA8000000,Kyivska,Київська,UA8000,Kyivska,Київська,UA80
Київ,"вул. Бережанська, 22","Київ, вул. Бережанська, 22",Kyiv,Київ,UA8000000000,Kyivska,Київська,UA8000000,Kyivska,Київська,UA8000,Kyivska,Київська,UA80
Київ,"вул. Білоруська, 2","Київ, вул. Білоруська, 2",Kyiv,Київ,UA8000000000,Kyivska,Київська,UA8000000,Kyivska,Київська,UA8000,Kyivska,Київська,UA80
Київ,"вул. Борщагівська, 154a","Київ, вул. Борщагівська, 154a",Kyiv,Київ,UA8000000000,Kyivska,Київська,UA8000000,Kyivska,Київська,UA8000,Kyivska,Київська,UA80
Київ,"вул. Братиславська, 14Б","Київ, вул. Братиславська, 14Б",Kyiv,Київ,UA8000000000,Kyivska,Київська,UA8000000,Kyivska,Київська,UA8000,Kyivska,Київська,UA80
Київ,"вул. Велика Окружна, 1","Київ, вул. Велика Окружна, 1",Kyiv,Київ,UA8000000000,Kyivska,Київська,UA8000000,Kyivska,Київська,UA8000,Kyivska,Київська,UA80
Київ,"вул. Вербицького Архітектора, 1а","Київ, вул. Вербицького Архітектора, 1а",Kyiv,Київ,UA8000000000,Kyivska,Київська,UA8000000,Kyivska,Київська,UA8000,Kyivska,Київська,UA80
Київ,"вул. Вербицького Архітектора, 30","Київ, вул. Вербицького Архітектора, 30",Kyiv,Київ,UA8000000000,Kyivska,Київська,UA8000000,Kyivska,Київська,UA8000,Kyivska,Київська,UA80
Київ,"вул. Вершигори Петра, 1","Київ, вул. Вершигори Петра, 1",Kyiv,Київ,UA8000000000,Kyivska,Київська,UA8000000,Kyivska,Київська,UA8000,Kyivska,Київська,UA80
Київ,"вул. Глибочицька, 32б","Київ, вул. Глибочицька, 32б",Kyiv,Київ,UA8000000000,Kyivska,Київська,UA8000000,Kyivska,Київська,UA8000,Kyivska,Київська,UA80
Київ,"вул. Гончара Олеся, 96","Київ, вул. Гончара Олеся, 96",Kyiv,Київ,UA8000000000,Kyivska,Київська,UA8000000,Kyivska,Київська,UA8000,Kyivska,Київська,UA80
Київ,"вул. Драгоманова, 10","Київ, вул. Драгоманова, 10",Kyiv,Київ,UA8000000000,Kyivska,Київська,UA8000000,Kyivska,Київська,UA8000,Kyivska,Київська,UA80
Київ,"вул. Драгомирова Михайла, 16","Київ, вул. Драгомирова Михайла, 16",Kyiv,Київ,UA8000000000,Kyivska,Київська,UA8000000,Kyivska,Київська,UA8000,Kyivska,Київська,UA80
Київ,"вул. Драйзера Теодора, 8","Київ, вул. Драйзера Теодора, 8",Kyiv,Київ,UA8000000000,Kyivska,Київська,UA8000000,Kyivska,Київська,UA8000,Kyivska,Київська,UA80
Київ,"вул. Закревського Миколи, 61/2","Київ, вул. Закревського Миколи, 61/2",Kyiv,Київ,UA8000000000,Kyivska,Київська,UA8000000,Kyivska,Київська,UA8000,Kyivska,Київська,UA80
Київ,"вул. Здолбунівська, 4","Київ, вул. Здолбунівська, 4",Kyiv,Київ,UA8000000000,Kyivska,Київська,UA8000000,Kyivska,Київська,UA8000,Kyivska,Київська,UA80
Київ,"вул. Івашкевича Ярослава, 6-8 А","Київ, вул. Івашкевича Ярослава, 6-8 А",Kyiv,Київ,UA8000000000,Kyivska,Київська,UA8000000,Kyivska,Київська,UA8000,Kyivska,Київська,UA80
Київ,"вул. Інженерна, 1","Київ, вул. Інженерна, 1",Kyiv,Київ,UA8000000000,Kyivska,Київська,UA8000000,Kyivska,Київська,UA8000,Kyivska,Київська,UA80
Київ,"вул. Калнишевського Петра, 2","Київ, вул. Калнишевського Петра, 2",Kyiv,Київ,UA8000000000,Kyivska,Київська,UA8000000,Kyivska,Київська,UA8000,Kyivska,Київська,UA80
Київ,"вул. Кибальчича Миколи, 11А","Київ, вул. Кибальчича Миколи, 11А",Kyiv,Київ,UA8000000000,Kyivska,Київська,UA8000000,Kyivska,Київська,UA8000,Kyivska,Київська,UA80
Київ,"вул. Конєва маршала, 7","Київ, вул. Конєва маршала, 7",Kyiv,Київ,UA8000000000,Kyivska,Київська,UA8000000,Kyivska,Київська,UA8000,Kyivska,Київська,UA80
Київ,"вул. Лаврухіна, 4","Київ, вул. Лаврухіна, 4",Kyiv,Київ,UA8000000000,Kyivska,Київська,UA8000000,Kyivska,Київська,UA8000,Kyivska,Київська,UA80
Київ,"вул. Липківського Василя митрополита, 1а","Київ, вул. Липківського Василя митрополита, 1а",Kyiv,Київ,UA8000000000,Kyivska,Київська,UA8000000,Kyivska,Київська,UA8000,Kyivska,Київська,UA80
Київ,"вул. Малевича, 107","Київ, вул. Малевича, 107",Kyiv,Київ,UA8000000000,Kyivska,Київська,UA8000000,Kyivska,Київська,UA8000,Kyivska,Київська,UA80
Київ,"вул. Малиновського, 5","Київ, вул. Малиновського, 5",Kyiv,Київ,UA8000000000,Kyivska,Київська,UA8000000,Kyivska,Київська,UA8000,Kyivska,Київська,UA80
Київ,"вул. Мишуги Олександра, 4","Київ, вул. Мишуги Олександра, 4",Kyiv,Київ,UA8000000000,Kyivska,Київська,UA8000000,Kyivska,Київська,UA8000,Kyivska,Київська,UA80
Київ,"вул. Північна, 6в","Київ, вул. Північна, 6в",Kyiv,Київ,UA8000000000,Kyivska,Київська,UA8000000,Kyivska,Київська,UA8000,Kyivska,Київська,UA80
Київ,"вул. Підлісна, 1","Київ, вул. Підлісна, 1",Kyiv,Київ,UA8000000000,Kyivska,Київська,UA8000000,Kyivska,Київська,UA8000,Kyivska,Київська,UA80
Київ,"вул. Райдужна, 15","Київ, вул. Райдужна, 15",Kyiv,Київ,UA8000000000,Kyivska,Київська,UA8000000,Kyivska,Київська,UA8000,Kyivska,Київська,UA80
Київ,"вул. Ревуцького, 12/1","Київ, вул. Ревуцького, 12/1",Kyiv,Київ,UA8000000000,Kyivska,Київська,UA8000000,Kyivska,Київська,UA8000,Kyivska,Київська,UA80
Київ,"вул. Сагайдачного, 41","Київ, вул. Сагайдачного, 41",Kyiv,Київ,UA8000000000,Kyivska,Київська,UA8000000,Kyivska,Київська,UA8000,Kyivska,Київська,UA80
Київ,"вул. Січових Стрільців, 37/41","Київ, вул. Січових Стрільців, 37/41",Kyiv,Київ,UA8000000000,Kyivska,Київська,UA8000000,Kyivska,Київська,UA8000,Kyivska,Київська,UA80
Київ,"вул. Стальського Сулеймана, 22/10","Київ, вул. Стальського Сулеймана, 22/10",Kyiv,Київ,UA8000000000,Kyivska,Київська,UA8000000,Kyivska,Київська,UA8000,Kyivska,Київська,UA80
Київ,"вул. Філатова Академіка, 7","Київ, вул. Філатова Академіка, 7",Kyiv,Київ,UA8000000000,Kyivska,Київська,UA8000000,Kyivska,Київська,UA8000,Kyivska,Київська,UA80
Київ,"вул. Чорнобильська, 3","Київ, вул. Чорнобильська, 3",Kyiv,Київ,UA8000000000,Kyivska,Київська,UA8000000,Kyivska,Київська,UA8000,Kyivska,Київська,UA80
Київ,"вул. Шептицького, 22","Київ, вул. Шептицького, 22",Kyiv,Київ,UA8000000000,Kyivska,Київська,UA8000000,Kyivska,Київська,UA8000,Kyivska,Київська,UA80
Київ,"вул. Щербаківського Данила, 56/7","Київ, вул. Щербаківського Данила, 56/7",Kyiv,Київ,UA8000000000,Kyivska,Київська,UA8000000,Kyivska,Київська,UA8000,Kyivska,Київська,UA80
Київ,"вул. Юри Гната, 20","Київ, вул. Юри Гната, 20",Kyiv,Київ,UA8000000000,Kyivska,Київська,UA8000000,Kyivska,Київська,UA8000,Kyivska,Київська,UA80
Київ,"вул. Якутська, 8","Київ, вул. Якутська, 8",Kyiv,Київ,UA8000000000,Kyivska,Київська,UA8000000,Kyivska,Київська,UA8000,Kyivska,Київська,UA80
Київ,"вул. Ярославська, 56а","Київ, вул. Ярославська, 56а",Kyiv,Київ,UA8000000000,Kyivska,Київська,UA8000000,Kyivska,Київська,UA8000,Kyivska,Київська,UA80
Київ,"наб. Дніпровська, 12","Київ, наб. Дніпровська, 12",Kyiv,Київ,UA8000000000,Kyivska,Київська,UA8000000,Kyivska,Київська,UA8000,Kyivska,Київська,UA80
Київ,"наб. Дніпровська, 33","Київ, наб. Дніпровська, 33",Kyiv,Київ,UA8000000000,Kyivska,Київська,UA8000000,Kyivska,Київська,UA8000,Kyivska,Київська,UA80
Київ,"наб. Русанівська, 10","Київ, наб. Русанівська, 10",Kyiv,Київ,UA8000000000,Kyivska,Київська,UA8000000,Kyivska,Київська,UA8000,Kyivska,Київська,UA80
Київ,"пл. Спортивна, 1а","Київ, пл. Спортивна, 1а",Kyiv,Київ,UA8000000000,Kyivska,Київська,UA8000000,Kyivska,Київська,UA8000,Kyivska,Київська,UA80
Київ,"пров. Карельський, 3","Київ, пров. Карельський, 3",Kyiv,Київ,UA8000000000,Kyivska,Київська,UA8000000,Kyivska,Київська,UA8000,Kyivska,Київська,UA80
Київ,"просп. Бандери Степана, 36","Київ, просп. Бандери Степана, 36",Kyiv,Київ,UA8000000000,Kyivska,Київська,UA8000000,Kyivska,Київська,UA8000,Kyivska,Київська,UA80
Київ,"просп. Героїв Сталінграда, 12п","Київ, просп. Героїв Сталінграда, 12п",Kyiv,Київ,UA8000000000,Kyivska,Київська,UA8000000,Kyivska,Київська,UA8000,Kyivska,Київська,UA80
Київ,"просп. Героїв Сталінграда, 27Б","Київ, просп. Героїв Сталінграда, 27Б",Kyiv,Київ,UA8000000000,Kyivska,Київська,UA8000000,Kyivska,Київська,UA8000,Kyivska,Київська,UA80
Київ,"просп. Героїв Сталінграда, 46","Київ, просп. Героїв Сталінграда, 46",Kyiv,Київ,UA8000000000,Kyivska,Київська,UA8000000,Kyivska,Київська,UA8000,Kyivska,Київська,UA80
Київ,"просп. Григоренка Петра, 23","Київ, просп. Григоренка Петра, 23",Kyiv,Київ,UA8000000000,Kyivska,Київська,UA8000000,Kyivska,Київська,UA8000,Kyivska,Київська,UA80
Київ,"просп. Лісовий, 39","Київ, просп. Лісовий, 39",Kyiv,Київ,UA8000000000,Kyivska,Київська,UA8000000,Kyivska,Київська,UA8000,Kyivska,Київська,UA80
Київ,"просп. Маяковського, 75/2","Київ, просп. Маяковського, 75/2",Kyiv,Київ,UA8000000000,Kyivska,Київська,UA8000000,Kyivska,Київська,UA8000,Kyivska,Київська,UA80
Київ,"просп. Оболонський, 19","Київ, просп. Оболонський, 19",Kyiv,Київ,UA8000000000,Kyivska,Київська,UA8000000,Kyivska,Київська,UA8000,Kyivska,Київська,UA80
Київ,"просп. Оболонський, 21Б","Київ, просп. Оболонський, 21Б",Kyiv,Київ,UA8000000000,Kyivska,Київська,UA8000000,Kyivska,Київська,UA8000,Kyivska,Київська,UA80
Київ,"просп. Перемоги, 24","Київ, просп. Перемоги, 24",Kyiv,Київ,UA8000000000,Kyivska,Київська,UA8000000,Kyivska,Київська,UA8000,Kyivska,Київська,UA80
Київ,"просп. Перемоги, 47","Київ, просп. Перемоги, 47",Kyiv,Київ,UA8000000000,Kyivska,Київська,UA8000000,Kyivska,Київська,UA8000,Kyivska,Київська,UA80
Київ,"просп. Перемоги, 87","Київ, просп. Перемоги, 87",Kyiv,Київ,UA8000000000,Kyivska,Київська,UA8000000,Kyivska,Київська,UA8000,Kyivska,Київська,UA80
Київ,"просп. Перемоги, 94/1","Київ, просп. Перемоги, 94/1",Kyiv,Київ,UA8000000000,Kyivska,Київська,UA8000000,Kyivska,Київська,UA8000,Kyivska,Київська,UA80
Київ,"просп. Порика Василя, 5","Київ, просп. Порика Василя, 5",Kyiv,Київ,UA8000000000,Kyivska,Київська,UA8000000,Kyivska,Київська,UA8000,Kyivska,Київська,UA80
Київ,"просп. Правди, 58","Київ, просп. Правди, 58",Kyiv,Київ,UA8000000000,Kyivska,Київська,UA8000000,Kyivska,Київська,UA8000,Kyivska,Київська,UA80
Київ,"просп. Правди, 66","Київ, просп. Правди, 66",Kyiv,Київ,UA8000000000,Kyivska,Київська,UA8000000,Kyivska,Київська,UA8000,Kyivska,Київська,UA80
Київ,"просп. Тичини Павла, 1в","Київ, просп. Тичини Павла, 1в",Kyiv,Київ,UA8000000000,Kyivska,Київська,UA8000000,Kyivska,Київська,UA8000,Kyivska,Київська,UA80
Київ,"шосе Столичне, 103","Київ, шосе Столичне, 103",Kyiv,Київ,UA8000000000,Kyivska,Київська,UA8000000,Kyivska,Київська,UA8000,Kyivska,Київська,UA80
Київ,"шосе Харківське, 144б","Київ, шосе Харківське, 144б",Kyiv,Київ,UA8000000000,Kyivska,Київська,UA8000000,Kyivska,Київська,UA8000,Kyivska,Київська,UA80
Київ,"шосе Харківське, 168","Київ, шосе Харківське, 168",Kyiv,Київ,UA8000000000,Kyivska,Київська,UA8000000,Kyivska,Київська,UA8000,Kyivska,Київська,UA80
Київ,"шосе Харківське, 21","Київ, шосе Харківське, 21",Kyiv,Київ,UA8000000000,Kyivska,Київська,UA8000000,Kyivska,Київська,UA8000,Kyivska,Київська,UA80
Лозова,"мікр. Мікрорайон 5, 1","Лозова, мікр. Мікрорайон 5, 1",Lozova,Лозова,UA6310005001,Lozivska,Лозівська,UA6310005,Lozivskyi,Лозівський,UA6310,Kharkivska,Харківська,UA63
Львів,"вул. Виговського, 100","Львів, вул. Виговського, 100",Lviv,Львів,UA4606025001,Lvivska,Львівська,UA4606025,Lvivskyi,Львівський,UA4606,Lvivska,Львівська,UA46
Львів,"вул. Володимира Великого, 26а","Львів, вул. Володимира Великого, 26а",Lviv,Львів,UA4606025001,Lvivska,Львівська,UA4606025,Lvivskyi,Львівський,UA4606,Lvivska,Львівська,UA46
Львів,"вул. Городоцька, 179","Львів, вул. Городоцька, 179",Lviv,Львів,UA4606025001,Lvivska,Львівська,UA4606025,Lvivskyi,Львівський,UA4606,Lvivska,Львівська,UA46
Львів,"вул. Кульпарківська, 226 а","Львів, вул. Кульпарківська, 226 а",Lviv,Львів,UA4606025001,Lvivska,Львівська,UA4606025,Lvivskyi,Львівський,UA4606,Lvivska,Львівська,UA46
Львів,"вул. Кульпарківська, 93а","Львів, вул. Кульпарківська, 93а",Lviv,Львів,UA4606025001,Lvivska,Львівська,UA4606025,Lvivskyi,Львівський,UA4606,Lvivska,Львівська,UA46
Львів,"вул. Мазепи Гетьмана, 11","Львів, вул. Мазепи Гетьмана, 11",Lviv,Львів,UA4606025001,Lvivska,Львівська,UA4606025,Lvivskyi,Львівський,UA4606,Lvivska,Львівська,UA46
Львів,"вул. Мазепи Гетьмана, 1Б","Львів, вул. Мазепи Гетьмана, 1Б",Lviv,Львів,UA4606025001,Lvivska,Львівська,UA4606025,Lvivskyi,Львівський,UA4606,Lvivska,Львівська,UA46
Львів,"вул. Наукова, 35а","Львів, вул. Наукова, 35а",Lviv,Львів,UA4606025001,Lvivska,Львівська,UA4606025,Lvivskyi,Львівський,UA4606,Lvivska,Львівська,UA46
Львів,"вул. Пасічна, 164","Львів, вул. Пасічна, 164",Lviv,Львів,UA4606025001,Lvivska,Львівська,UA4606025,Lvivskyi,Львівський,UA4606,Lvivska,Львівська,UA46
Львів,"вул. Під Дубом, 7б","Львів, вул. Під Дубом, 7б",Lviv,Львів,UA4606025001,Lvivska,Львівська,UA4606025,Lvivskyi,Львівський,UA4606,Lvivska,Львівська,UA46
Львів,"вул. Сахарова академіка, 45","Львів, вул. Сахарова академіка, 45",Lviv,Львів,UA4606025001,Lvivska,Львівська,UA4606025,Lvivskyi,Львівський,UA4606,Lvivska,Львівська,UA46
Львів,"вул. Хмельницького Богдана, 214","Львів, вул. Хмельницького Богдана, 214",Lviv,Львів,UA4606025001,Lvivska,Львівська,UA4606025,Lvivskyi,Львівський,UA4606,Lvivska,Львівська,UA46
Львів,"вул. Шевченка, 358а","Львів, вул. Шевченка, 358а",Lviv,Львів,UA4606025001,Lvivska,Львівська,UA4606025,Lvivskyi,Львівський,UA4606,Lvivska,Львівська,UA46
Львів,"вул. Шевченка, 60","Львів, вул. Шевченка, 60",Lviv,Львів,UA4606025001,Lvivska,Львівська,UA4606025,Lvivskyi,Львівський,UA4606,Lvivska,Львівська,UA46
Львів,"вул. Широка, 87","Львів, вул. Широка, 87",Lviv,Львів,UA4606025001,Lvivska,Львівська,UA4606025,Lvivskyi,Львівський,UA4606,Lvivska,Львівська,UA46
Львів,"пл. Соборна, 14-15","Львів, пл. Соборна, 14-15",Lviv,Львів,UA4606025001,Lvivska,Львівська,UA4606025,Lvivskyi,Львівський,UA4606,Lvivska,Львівська,UA46
Львів,"просп. Червоної Калини, 62","Львів, просп. Червоної Калини, 62",Lviv,Львів,UA4606025001,Lvivska,Львівська,UA4606025,Lvivskyi,Львівський,UA4606,Lvivska,Львівська,UA46
Львів,"просп. Чорновола В’ячеслава, 77","Львів, просп. Чорновола В’ячеслава, 77",Lviv,Львів,UA4606025001,Lvivska,Львівська,UA4606025,Lvivskyi,Львівський,UA4606,Lvivska,Львівська,UA46
Миколаїв,"вул. Чкалова, 82","Миколаїв, вул. Чкалова, 82",Mykolaiv,Миколаїв,UA4806015001,Mykolaivska,Миколаївська,UA4806015,Mykolaivskyi,Миколаївський,UA4806,Mykolaivska,Миколаївська,UA48
Миколаїв,"просп. Центральний, 259/1","Миколаїв, просп. Центральний, 259/1",Mykolaiv,Миколаїв,UA4806015001,Mykolaivska,Миколаївська,UA4806015,Mykolaivskyi,Миколаївський,UA4806,Mykolaivska,Миколаївська,UA48
Миколаїв,"просп. Центральний, 98","Миколаїв, просп. Центральний, 98",Mykolaiv,Миколаїв,UA4806015001,Mykolaivska,Миколаївська,UA4806015,Mykolaivskyi,Миколаївський,UA4806,Mykolaivska,Миколаївська,UA48
Обухів,"вул. Київська, 107","Обухів, вул. Київська, 107",Obukhiv,Обухів,UA3212011001,Obukhivska,Обухівська,UA3212011,Obukhivskyi,Обухівський,UA3212,Kyivska,Київська,UA32
Остер,"вул. Хмельницького Богдана, 54","Остер, вул. Хмельницького Богдана, 54",Oster,Остер,UA7410031001,Osterska,Остерська,UA7410031,Chernihivskyi,Чернігівський,UA7410,Chernihivska,Чернігівська,UA74
Полтава,"вул. Європейська, 185","Полтава, вул. Європейська, 185",Poltava,Полтава,UA5308037001,Poltavska,Полтавська,UA5308037,Poltavskyi,Полтавський,UA5308,Poltavska,Полтавська,UA53
Полтава,"вул. Європейська, 60А","Полтава, вул. Європейська, 60А",Poltava,Полтава,UA5308037001,Poltavska,Полтавська,UA5308037,Poltavskyi,Полтавський,UA5308,Poltavska,Полтавська,UA53
Полтава,"вул. Зіньківська, 6/1а","Полтава, вул. Зіньківська, 6/1а",Poltava,Полтава,UA5308037001,Poltavska,Полтавська,UA5308037,Poltavskyi,Полтавський,UA5308,Poltavska,Полтавська,UA53
Полтава,"вул. Мазепи Івана, 45/4","Полтава, вул. Мазепи Івана, 45/4",Poltava,Полтава,UA5308037001,Poltavska,Полтавська,UA5308037,Poltavskyi,Полтавський,UA5308,Poltavska,Полтавська,UA53
Полтава,"просп. Миру, 30а","Полтава, просп. Миру, 30а",Poltava,Полтава,UA5308037001,Poltavska,Полтавська,UA5308037,Poltavskyi,Полтавський,UA5308,Poltavska,Полтавська,UA53
Прилуки,"вул. Київська, 138","Прилуки, вул. Київська, 138",Pryluky,Прилуки,UA7408013001,Prylutska,Прилуцька,UA7408013,Prylutskyi,Прилуцький,UA7408,Chernihivska,Чернігівська,UA74
Радомишль,"вул. Велика Житомирська, 1/2","Радомишль, вул. Велика Житомирська, 1/2",Radomyshl,Радомишль,UA1804045001,Radomyshlska,Радомишльська,UA1804045,Zhytomyrskyi,Житомирський,UA1804,Zhytomyrska,Житомирська,UA18
Рівне,"вул. Гагаріна, 16","Рівне, вул. Гагаріна, 16",Rivne,Рівне,UA5606047001,Rivnenska,Рівненська,UA5606047,Rivnenskyi,Рівненський,UA5606,Rivnenska,Рівненська,UA56
Рівне,"вул. Київська, 69","Рівне, вул. Київська, 69",Rivne,Рівне,UA5606047001,Rivnenska,Рівненська,UA5606047,Rivnenskyi,Рівненський,UA5606,Rivnenska,Рівненська,UA56
Рівне,"вул. Короленка, 1","Рівне, вул. Короленка, 1",Rivne,Рівне,UA5606047001,Rivnenska,Рівненська,UA5606047,Rivnenskyi,Рівненський,UA5606,Rivnenska,Рівненська,UA56
Сміла,"вул. Незалежності, 67А","Сміла, вул. Незалежності, 67А",Smila,Сміла,UA7108039001,Smilianska,Смілянська,UA7108039,Cherkaskyi,Черкаський,UA7108,Cherkaska,Черкаська,UA71
Софіївська Борщагівка,"вул. Київська, 36","Софіївська Борщагівка, вул. Київська, 36",Sofiivska Borshchahivka,Софіївська Борщагівка,UA3208005002,Borshchahivska,Борщагівська,UA3208005,Buchanskyi,Бучанський,UA3208,Kyivska,Київська,UA32
Софіївська Борщагівка,"вул. Соборна, 140а","Софіївська Борщагівка, вул. Соборна, 140а",Sofiivska Borshchahivka,Софіївська Борщагівка,UA3208005002,Borshchahivska,Борщагівська,UA3208005,Buchanskyi,Бучанський,UA3208,Kyivska,Київська,UA32
Хмельницький,"вул. Бандери Степана, 2а","Хмельницький, вул. Бандери Степана, 2а",Khmelnytskyi,Хмельницький,UA6804047001,Khmelnytska,Хмельницька,UA6804047,Khmelnytskyi,Хмельницький,UA6804,Khmelnytska,Хмельницька,UA68
Хмельницький,"вул. Кам’янецька, 122","Хмельницький, вул. Кам’янецька, 122",Khmelnytskyi,Хмельницький,UA6804047001,Khmelnytska,Хмельницька,UA6804047,Khmelnytskyi,Хмельницький,UA6804,Khmelnytska,Хмельницька,UA68
Хмельницький,"вул. Свободи, 73","Хмельницький, вул. Свободи, 73",Khmelnytskyi,Хмельницький,UA6804047001,Khmelnytska,Хмельницька,UA6804047,Khmelnytskyi,Хмельницький,UA6804,Khmelnytska,Хмельницька,UA68
Хмельницький,"вул. Шевченка, 34","Хмельницький, вул. Шевченка, 34",Khmelnytskyi,Хмельницький,UA6804047001,Khmelnytska,Хмельницька,UA6804047,Khmelnytskyi,Хмельницький,UA6804,Khmelnytska,Хмельницька,UA68
Хмельницький,"шосе Старокостянтинівське, 6","Хмельницький, шосе Старокостянтинівське, 6",Khmelnytskyi,Хмельницький,UA6804047001,Khmelnytska,Хмельницька,UA6804047,Khmelnytskyi,Хмельницький,UA6804,Khmelnytska,Хмельницька,UA68
Черкаси,"бул. Шевченка, 207","Черкаси, бул. Шевченка, 207",Cherkasy,Черкаси,UA7108049001,Cherkaska,Черкаська,UA7108049,Cherkaskyi,Черкаський,UA7108,Cherkaska,Черкаська,UA71
Черкаси,"бул. Шевченка, 208/1","Черкаси, бул. Шевченка, 208/1",Cherkasy,Черкаси,UA7108049001,Cherkaska,Черкаська,UA7108049,Cherkaskyi,Черкаський,UA7108,Cherkaska,Черкаська,UA71
Чернівці,"вул. Героїв Майдану, 71","Чернівці, вул. Героїв Майдану, 71",Chernivtsi,Чернівці,UA7306061001,Chernivetska,Чернівецька,UA7306061,Cnernivetskyi,Чернівецький,UA7306,Chernivetska,Чернівецька,UA73
Чернівці,"вул. Головна, 265а","Чернівці, вул. Головна, 265а",Chernivtsi,Чернівці,UA7306061001,Chernivetska,Чернівецька,UA7306061,Cnernivetskyi,Чернівецький,UA7306,Chernivetska,Чернівецька,UA73
Щасливе,"шосе Харківське, 1В","Щасливе, шосе Харківське, 1В",Shchaslyve,Щасливе,UA3204013001,Prystolychna,Пристолична,UA3204013,Boryspilskyi,Бориспільський,UA3204,Kyivska,Київська,UA32
Южне,"просп. Григор’ївського Десанту, 3","Южне, просп. Григор’ївського Десанту, 3",Yuzhne,Южне,UA5110041001,Yuzhnenska,Южненська,UA5110041,Odeskyi,Одеський,UA5110,Odeska,Одеська,UA51
